date,snowdepth_cm
2001-03-20,367.7
2001-03-21,284.45
2001-03-22,278.2
2001-03-23,277.55
2001-03-24,275.1
2001-03-25,268.2
2001-03-26,266.7
2001-03-27,262.4
2001-03-28,260.2
2001-03-29,260.85
2001-03-30,250.95
2001-03-31,243.9
2001-04-01,238.6
2001-04-02,250.3
2001-04-03,228.7
2001-04-04,230.05
2001-04-05,236
2001-04-06,234
2001-04-07,276.1
2001-04-08,300.7
2001-04-09,300.55
2001-04-10,302.75
2001-04-11,295.3
2001-04-12,287.9
2001-04-13,284.4
2001-04-14,281.7
2001-04-15,279.1
2001-04-16,274.9
2001-04-17,267.5
2001-04-18,263.85
2001-04-19,267.1
2001-04-20,293.45
2001-04-21,323.4
2001-04-22,317.4
2001-04-23,310.5
2001-04-24,299.25
2001-04-25,288.7
2001-04-26,279
2001-04-27,273.5
2001-04-28,265.2
2001-04-29,262
2001-04-30,257.8
2001-05-01,248.3
2001-05-02,235.4
2001-05-03,232.95
2001-05-04,231.6
2001-05-05,229.45
2001-05-06,223.9
2001-05-07,217
2001-05-08,209.4
2001-05-09,200
2001-05-10,191.5
2001-05-11,183.3
2001-05-12,172.75
2001-05-13,168.7
2001-05-14,163.9
2001-05-15,159
2001-05-16,144.8
2001-05-17,137.85
2001-05-18,128.5
2001-05-19,122.9
2001-05-20,116.1
2001-05-21,108.9
2001-05-22,98.6
2001-05-23,93.2
2001-05-24,81
2001-05-25,72.2
2001-05-26,59.37
2001-05-27,40.88
2001-05-28,20.3
2001-05-29,16.24
2001-05-30,18.87
2001-05-31,20.02
2001-06-01,16.14
2001-06-02,0
2001-06-03,0
2001-06-04,0
2001-06-05,0
2001-06-06,0
2001-06-07,0
2001-06-08,0
2001-06-09,0
2001-06-10,0
2001-06-11,0
2001-06-12,0
2001-06-13,0
2001-06-14,0
2001-06-15,0
2001-06-16,0
2001-06-17,0
2001-06-18,0
2001-06-19,0
2001-06-20,0
2001-06-21,0
2001-06-22,0
2001-06-23,0
2001-06-24,0
2001-06-25,0
2001-06-26,0
2001-06-27,0
2001-06-28,0
2001-06-29,0
2001-06-30,0
2001-07-01,0
2001-07-02,0
2001-07-03,0
2001-07-04,0
2001-07-05,0
2001-07-06,0
2001-07-07,0
2001-07-08,0
2001-07-09,0
2001-07-10,0
2001-07-11,0
2001-07-12,0
2001-07-13,0
2001-07-14,0
2001-07-15,0
2001-07-16,0
2001-07-17,0
2001-07-18,0
2001-07-19,0
2001-07-20,0
2001-07-21,0
2001-07-22,0
2001-07-23,0
2001-07-24,0
2001-07-25,0
2001-07-26,0
2001-07-27,0
2001-07-28,0
2001-07-29,0
2001-07-30,0
2001-07-31,0
2001-08-01,0
2001-08-02,0
2001-08-03,0
2001-08-04,0
2001-08-05,0
2001-08-06,0
2001-08-07,0
2001-08-08,0
2001-08-09,0
2001-08-10,0
2001-08-11,0
2001-08-12,0
2001-08-13,0
2001-08-14,0
2001-08-15,0
2001-08-16,0
2001-08-17,0
2001-08-18,0
2001-08-19,0
2001-08-20,0
2001-08-21,0
2001-08-22,0
2001-08-23,0
2001-08-24,0
2001-08-25,0
2001-08-26,0
2001-08-27,0
2001-08-28,0
2001-08-29,0
2001-08-30,0
2001-08-31,0
2001-09-01,0
2001-09-02,0
2001-09-03,0
2001-09-04,0
2001-09-05,0
2001-09-06,0
2001-09-07,0
2001-09-08,0
2001-09-09,0
2001-09-10,0
2001-09-11,0
2001-09-12,0
2001-09-13,0
2001-09-14,0
2001-09-15,0
2001-09-16,0
2001-09-17,0
2001-09-18,0
2001-09-19,0
2001-09-20,0
2001-09-21,0
2001-09-22,0
2001-09-23,0
2001-09-24,0
2001-09-25,0
2001-09-26,0
2001-09-27,0
2001-09-28,0
2001-09-29,0
2001-09-30,0
2001-10-01,0
2001-10-02,0
2001-10-03,0
2001-10-04,0
2001-10-05,0
2001-10-06,0
2001-10-07,0
2001-10-08,0
2001-10-09,0
2001-10-10,0
2001-10-11,0
2001-10-12,0
2001-10-13,0
2001-10-14,0
2001-10-15,0
2001-10-16,0
2001-10-17,0
2001-10-18,0
2001-10-19,0
2001-10-20,0
2001-10-21,0
2001-10-22,0
2001-10-23,0
2001-10-24,0
2001-10-25,0
2001-10-26,0
2001-10-27,0
2001-10-28,0
2001-10-29,0
2001-10-30,0
2001-10-31,0
2001-11-01,33.89
2001-11-02,32.39
2001-11-03,29.305
2001-11-04,28.48
2001-11-05,27.36
2001-11-06,22.62
2001-11-07,21.75
2001-11-08,19.42
2001-11-09,18.04
2001-11-10,18.35
2001-11-11,26.73
2001-11-12,27.74
2001-11-13,44.29
2001-11-14,44.34
2001-11-15,44.65
2001-11-16,40.7
2001-11-17,38
2001-11-18,39.675
2001-11-19,39.8
2001-11-20,37.31
2001-11-21,35.61
2001-11-22,49.555
2001-11-23,44.37
2001-11-24,49.93
2001-11-25,112.2
2001-11-26,83.5
2001-11-27,80.2
2001-11-28,87.3
2001-11-29,112.75
2001-11-30,110.7
2001-12-01,128
2001-12-02,169.3
2001-12-03,189.45
2001-12-04,186.45
2001-12-05,245.6
2001-12-06,241.4
2001-12-07,231
2001-12-08,227.8
2001-12-09,222.6
2001-12-10,223.55
2001-12-11,221.9
2001-12-12,219.8
2001-12-13,217.8
2001-12-14,217.8
2001-12-15,219.5
2001-12-16,221.7
2001-12-17,219.4
2001-12-18,232.55
2001-12-19,231.65
2001-12-20,231.2
2001-12-21,256.7
2001-12-22,274.25
2001-12-23,272
2001-12-24,266.9
2001-12-25,265.85
2001-12-26,266.05
2001-12-27,261.7
2001-12-28,258.5
2001-12-29,284.75
2001-12-30,285.5
2001-12-31,303.8
2002-01-01,298.65
2002-01-02,293.6
2002-01-03,309.75
2002-01-04,307.15
2002-01-05,304.5
2002-01-06,302
2002-01-07,300.2
2002-01-08,295.05
2002-01-09,290.25
2002-01-10,289.6
2002-01-11,289.2
2002-01-12,286.3
2002-01-13,283.1
2002-01-14,280.15
2002-01-15,274.7
2002-01-16,273.1
2002-01-17,271
2002-01-18,272.95
2002-01-19,258.5
2002-01-20,260.4
2002-01-21,255.9
2002-01-22,254
2002-01-23,249
2002-01-24,255.1
2002-01-25,254.5
2002-01-26,247.9
2002-01-27,272.3
2002-01-28,283.45
2002-01-29,285.5
2002-01-30,283.5
2002-01-31,285.65
2002-02-01,284.3
2002-02-02,281.15
2002-02-03,280.9
2002-02-04,280.1
2002-02-05,280.3
2002-02-06,278.5
2002-02-07,276.1
2002-02-08,280.6
2002-02-09,279.5
2002-02-10,279.75
2002-02-11,279
2002-02-12,276.15
2002-02-13,272.5
2002-02-14,283.05
2002-02-15,281.1
2002-02-16,278.05
2002-02-17,309.9
2002-02-18,300.7
2002-02-19,325.35
2002-02-20,336.9
2002-02-21,333.35
2002-02-22,329.9
2002-02-23,321.7
2002-02-24,320.8
2002-02-25,319
2002-02-26,316.1
2002-02-27,312.55
2002-02-28,310.3
2002-03-01,304.85
2002-03-02,305.1
2002-03-03,304.7
2002-03-04,304
2002-03-05,302.25
2002-03-06,308.9
2002-03-07,307.9
2002-03-08,305.2
2002-03-09,305.3
2002-03-10,302.5
2002-03-11,305.9
2002-03-12,303
2002-03-13,299.4
2002-03-14,305.5
2002-03-15,306.5
2002-03-16,311.1
2002-03-17,298.85
2002-03-18,307.9
2002-03-19,307.7
2002-03-20,303.3
2002-03-21,301.9
2002-03-22,297.1
2002-03-23,320.2
2002-03-24,322.35
2002-03-25,322.6
2002-03-26,322.75
2002-03-27,320.95
2002-03-28,315.25
2002-03-29,312.55
2002-03-30,308.9
2002-03-31,304.55
2002-04-01,300.55
2002-04-02,296.8
2002-04-03,293.1
2002-04-04,288.75
2002-04-05,283.9
2002-04-06,280.3
2002-04-07,277.7
2002-04-08,274.6
2002-04-09,269.35
2002-04-10,268.8
2002-04-11,265.9
2002-04-12,262.15
2002-04-13,258.4
2002-04-14,253.55
2002-04-15,238.4
2002-04-16,240.45
2002-04-17,245
2002-04-18,242.6
2002-04-19,249.65
2002-04-20,249.1
2002-04-21,248.5
2002-04-22,246.5
2002-04-23,242
2002-04-24,238.1
2002-04-25,235.3
2002-04-26,243.8
2002-04-27,258.4
2002-04-28,243.55
2002-04-29,254.9
2002-04-30,256
2002-05-01,270.75
2002-05-02,265.95
2002-05-03,257.15
2002-05-04,249
2002-05-05,243.15
2002-05-06,238.6
2002-05-07,230.2
2002-05-08,224.5
2002-05-09,219.85
2002-05-10,214.5
2002-05-11,216.1
2002-05-12,215
2002-05-13,210.9
2002-05-14,204.5
2002-05-15,200.3
2002-05-16,194.75
2002-05-17,189.5
2002-05-18,177.9
2002-05-19,168.9
2002-05-20,172.35
2002-05-21,182
2002-05-22,180.9
2002-05-23,176.1
2002-05-24,171.6
2002-05-25,166.8
2002-05-26,161.65
2002-05-27,154.15
2002-05-28,147.2
2002-05-29,142.1
2002-05-30,132.9
2002-05-31,123.1
2002-06-01,110.1
2002-06-02,100.8
2002-06-03,92.8
2002-06-04,90.3
2002-06-05,83.4
2002-06-06,73.3
2002-06-07,57.815
2002-06-08,44.755
2002-06-09,30.38
2002-06-10,24.12
2002-06-11,19
2002-06-12,14.92
2002-06-13,14.7
2002-06-14,15.74
2002-06-15,17.14
2002-06-16,0
2002-06-17,0
2002-06-18,0
2002-06-19,0
2002-06-20,0
2002-06-21,0
2002-06-22,0
2002-06-23,0
2002-06-24,0
2002-06-25,0
2002-06-26,0
2002-06-27,0
2002-06-28,0
2002-06-29,0
2002-06-30,0
2002-07-01,0
2002-07-02,0
2002-07-03,0
2002-07-04,0
2002-07-05,0
2002-07-06,0
2002-07-07,0
2002-07-08,0
2002-07-09,0
2002-07-10,0
2002-07-11,0
2002-07-12,0
2002-07-13,0
2002-07-14,0
2002-07-15,0
2002-07-16,0
2002-07-17,0
2002-07-18,0
2002-07-19,0
2002-07-20,0
2002-07-21,0
2002-07-22,0
2002-07-23,0
2002-07-24,0
2002-07-25,0
2002-07-26,0
2002-07-27,0
2002-07-28,0
2002-07-29,0
2002-07-30,0
2002-07-31,0
2002-08-01,0
2002-08-02,0
2002-08-03,0
2002-08-04,0
2002-08-05,0
2002-08-06,0
2002-08-07,0
2002-08-08,0
2002-08-09,0
2002-08-10,0
2002-08-11,0
2002-08-12,0
2002-08-13,0
2002-08-14,0
2002-08-15,0
2002-08-16,0
2002-08-17,0
2002-08-18,0
2002-08-19,0
2002-08-20,0
2002-08-21,0
2002-08-22,0
2002-08-23,0
2002-08-24,0
2002-08-25,0
2002-08-26,0
2002-08-27,0
2002-08-28,0
2002-08-29,0
2002-08-30,0
2002-08-31,0
2002-09-01,0
2002-09-02,0
2002-09-03,0
2002-09-04,0
2002-09-05,0
2002-09-06,0
2002-09-07,0
2002-09-08,0
2002-09-09,0
2002-09-10,0
2002-09-11,0
2002-09-12,0
2002-09-13,0
2002-09-14,0
2002-09-15,0
2002-09-16,0
2002-09-17,0
2002-09-18,0
2002-09-19,0
2002-09-20,0
2002-09-21,0
2002-09-22,0
2002-09-23,0
2002-09-24,0
2002-09-25,0
2002-09-26,0
2002-09-27,0
2002-09-28,0
2002-09-29,0
2002-09-30,0
2002-10-01,0
2002-10-02,0
2002-10-03,0
2002-10-04,0
2002-10-05,0
2002-10-06,0
2002-10-07,0
2002-10-08,0
2002-10-09,0
2002-10-10,0
2002-10-11,0
2002-10-12,0
2002-10-13,0
2002-10-14,0
2002-10-15,0
2002-10-16,0
2002-10-17,0
2002-10-18,0
2002-10-19,0
2002-10-20,0
2002-10-21,0
2002-10-22,0
2002-10-23,0
2002-10-24,0
2002-10-25,0
2002-10-26,0
2002-10-27,0
2002-10-28,0
2002-10-29,0
2002-10-30,0
2002-10-31,0
2002-11-01,0
2002-11-02,0
2002-11-03,0
2002-11-04,0
2002-11-05,0
2002-11-06,0
2002-11-07,0
2002-11-08,0
2002-11-09,0
2002-11-10,0
2002-11-11,0
2002-11-12,0
2002-11-13,0
2002-11-14,0
2002-11-15,0
2002-11-16,0
2002-11-17,0
2002-11-18,0
2002-11-19,0
2002-11-20,0
2002-11-21,0
2002-11-22,0
2002-11-23,0
2002-11-24,0
2002-11-25,0
2002-11-26,0
2002-11-27,0
2002-11-28,0
2002-11-29,0
2002-11-30,0
2002-12-01,0
2002-12-02,0
2002-12-03,0
2002-12-04,0
2002-12-05,0
2002-12-06,0
2002-12-07,0
2002-12-08,0
2002-12-09,0
2002-12-10,0
2002-12-11,0
2002-12-12,0
2002-12-13,0
2002-12-14,0
2002-12-15,0
2002-12-16,125.95
2002-12-17,162.1
2002-12-18,157.7
2002-12-19,156.6
2002-12-20,202.2
2002-12-21,240.5
2002-12-22,225.7
2002-12-23,220.2
2002-12-24,246.1
2002-12-25,240.2
2002-12-26,248.1
2002-12-27,241.6
2002-12-28,236.3
2002-12-29,252.1
2002-12-30,294.75
2002-12-31,276.65
2003-01-01,270.2
2003-01-02,265
2003-01-03,259.5
2003-01-04,255.1
2003-01-05,251
2003-01-06,248
2003-01-07,244.95
2003-01-08,243.15
2003-01-09,242.65
2003-01-10,258.25
2003-01-11,263.55
2003-01-12,257.4
2003-01-13,254.05
2003-01-14,252.15
2003-01-15,254.5
2003-01-16,252.2
2003-01-17,249.95
2003-01-18,248.2
2003-01-19,246.4
2003-01-20,244.8
2003-01-21,243.5
2003-01-22,242
2003-01-23,240.4
2003-01-24,238.9
2003-01-25,237
2003-01-26,235.95
2003-01-27,234.8
2003-01-28,235.55
2003-01-29,234.2
2003-01-30,233.1
2003-01-31,231.7
2003-02-01,230.8
2003-02-02,229.85
2003-02-03,228.9
2003-02-04,227.8
2003-02-05,227.1
2003-02-06,226.3
2003-02-07,227.1
2003-02-08,226.65
2003-02-09,227.794318181818
2003-02-10,228.938636363636
2003-02-11,230.082954545455
2003-02-12,231.227272727273
2003-02-13,232.371590909091
2003-02-14,233.515909090909
2003-02-15,234.660227272727
2003-02-16,235.804545454545
2003-02-17,236.948863636364
2003-02-18,238.093181818182
2003-02-19,239.2375
2003-02-20,240.381818181818
2003-02-21,241.526136363636
2003-02-22,242.670454545455
2003-02-23,243.814772727273
2003-02-24,244.959090909091
2003-02-25,246.103409090909
2003-02-26,247.247727272727
2003-02-27,248.392045454545
2003-02-28,249.536363636364
2003-03-01,250.680681818182
2003-03-02,251.825
2003-03-03,252.969318181818
2003-03-04,254.113636363636
2003-03-05,255.257954545455
2003-03-06,256.402272727273
2003-03-07,257.546590909091
2003-03-08,258.690909090909
2003-03-09,259.835227272727
2003-03-10,260.979545454545
2003-03-11,262.123863636364
2003-03-12,263.268181818182
2003-03-13,264.4125
2003-03-14,265.556818181818
2003-03-15,266.701136363636
2003-03-16,267.845454545455
2003-03-17,268.989772727273
2003-03-18,270.134090909091
2003-03-19,271.278409090909
2003-03-20,272.422727272727
2003-03-21,273.567045454545
2003-03-22,274.711363636364
2003-03-23,275.855681818182
2003-03-24,277
2003-03-25,275.2
2003-03-26,273.1
2003-03-27,269.2
2003-03-28,267.7
2003-03-29,265.9
2003-03-30,263.7
2003-03-31,259.35
2003-04-01,256.6
2003-04-02,256
2003-04-03,303.4
2003-04-04,304.9
2003-04-05,305.7
2003-04-06,320.15
2003-04-07,315.2
2003-04-08,309.3
2003-04-09,303.45
2003-04-10,298.2
2003-04-11,292.5
2003-04-12,288.7
2003-04-13,301.4
2003-04-14,339.7
2003-04-15,343.45
2003-04-16,338.1
2003-04-17,348.95
2003-04-18,354.4
2003-04-19,350
2003-04-20,346.55
2003-04-21,346.1
2003-04-22,352.5
2003-04-23,350.95
2003-04-24,345.3
2003-04-25,342.35
2003-04-26,339.8
2003-04-27,334.7
2003-04-28,351.55
2003-04-29,358.75
2003-04-30,356.15
2003-05-01,352.6
2003-05-02,357.4
2003-05-03,358.1
2003-05-04,393
2003-05-05,388.9
2003-05-06,382.9
2003-05-07,379.35
2003-05-08,376
2003-05-09,377
2003-05-10,376
2003-05-11,372.5
2003-05-12,366.3
2003-05-13,359.65
2003-05-14,354.45
2003-05-15,363.6
2003-05-16,350.5
2003-05-17,345.8
2003-05-18,340.3
2003-05-19,334.3
2003-05-20,327.8
2003-05-21,321.4
2003-05-22,313.8
2003-05-23,307.8
2003-05-24,298.65
2003-05-25,289.85
2003-05-26,280.4
2003-05-27,270.8
2003-05-28,259.4
2003-05-29,255.409230769231
2003-05-30,251.418461538462
2003-05-31,247.427692307692
2003-06-01,243.436923076923
2003-06-02,239.446153846154
2003-06-03,235.455384615385
2003-06-04,231.464615384615
2003-06-05,227.473846153846
2003-06-06,223.483076923077
2003-06-07,219.492307692308
2003-06-08,215.501538461538
2003-06-09,211.510769230769
2003-06-10,207.52
2003-06-11,203.529230769231
2003-06-12,199.538461538461
2003-06-13,195.547692307692
2003-06-14,191.556923076923
2003-06-15,187.566153846154
2003-06-16,183.575384615385
2003-06-17,179.584615384615
2003-06-18,175.593846153846
2003-06-19,171.603076923077
2003-06-20,167.612307692308
2003-06-21,163.621538461538
2003-06-22,159.630769230769
2003-06-23,155.64
2003-06-24,151.649230769231
2003-06-25,147.658461538462
2003-06-26,143.667692307692
2003-06-27,139.676923076923
2003-06-28,135.686153846154
2003-06-29,131.695384615385
2003-06-30,127.704615384615
2003-07-01,123.713846153846
2003-07-02,119.723076923077
2003-07-03,115.732307692308
2003-07-04,111.741538461538
2003-07-05,107.750769230769
2003-07-06,103.76
2003-07-07,99.7692307692307
2003-07-08,95.7784615384615
2003-07-09,91.7876923076923
2003-07-10,87.7969230769231
2003-07-11,83.8061538461538
2003-07-12,79.8153846153846
2003-07-13,75.8246153846154
2003-07-14,71.8338461538462
2003-07-15,67.8430769230769
2003-07-16,63.8523076923077
2003-07-17,59.8615384615384
2003-07-18,55.8707692307692
2003-07-19,51.88
2003-07-20,47.8892307692308
2003-07-21,43.8984615384615
2003-07-22,39.9076923076923
2003-07-23,35.9169230769231
2003-07-24,31.9261538461538
2003-07-25,27.9353846153846
2003-07-26,23.9446153846154
2003-07-27,19.9538461538461
2003-07-28,15.9630769230769
2003-07-29,11.9723076923077
2003-07-30,7.98153846153846
2003-07-31,3.99076923076922
2003-08-01,0
2003-08-02,0
2003-08-03,0
2003-08-04,0
2003-08-05,0
2003-08-06,0
2003-08-07,0
2003-08-08,0
2003-08-09,0
2003-08-10,0
2003-08-11,0
2003-08-12,0
2003-08-13,0
2003-08-14,0
2003-08-15,0
2003-08-16,0
2003-08-17,0
2003-08-18,0
2003-08-19,0
2003-08-20,0
2003-08-21,0
2003-08-22,0
2003-08-23,0
2003-08-24,0
2003-08-25,0
2003-08-26,0
2003-08-27,0
2003-08-28,0
2003-08-29,0
2003-08-30,0
2003-08-31,0
2003-09-01,0
2003-09-02,0
2003-09-03,0
2003-09-04,0
2003-09-05,0
2003-09-06,0
2003-09-07,0
2003-09-08,0
2003-09-09,0
2003-09-10,0
2003-09-11,0
2003-09-12,0
2003-09-13,0
2003-09-14,0
2003-09-15,0
2003-09-16,0
2003-09-17,0
2003-09-18,0
2003-09-19,0
2003-09-20,0
2003-09-21,0
2003-09-22,0
2003-09-23,0
2003-09-24,0
2003-09-25,0
2003-09-26,0
2003-09-27,0
2003-09-28,0
2003-09-29,0
2003-09-30,0
2003-10-01,0
2003-10-02,0
2003-10-03,0
2003-10-04,0
2003-10-05,0
2003-10-06,0
2003-10-07,0
2003-10-08,0
2003-10-09,0
2003-10-10,0
2003-10-11,0
2003-10-12,0
2003-10-13,0
2003-10-14,0
2003-10-15,0
2003-10-16,0
2003-10-17,0
2003-10-18,0
2003-10-19,0
2003-10-20,0
2003-10-21,0
2003-10-22,0
2003-10-23,0
2003-10-24,0
2003-10-25,0
2003-10-26,0
2003-10-27,0
2003-10-28,0
2003-10-29,0
2003-10-30,0
2003-10-31,0
2003-11-01,0
2003-11-02,0
2003-11-03,0
2003-11-04,0
2003-11-05,0
2003-11-06,0
2003-11-07,0
2003-11-08,0
2003-11-09,0
2003-11-10,15.5525
2003-11-11,31.105
2003-11-12,46.6575
2003-11-13,62.21
2003-11-14,60.65
2003-11-15,62.15
2003-11-16,61.035
2003-11-17,59.92
2003-11-18,58.89
2003-11-19,57.75
2003-11-20,55.95
2003-11-21,55.23
2003-11-22,60.42
2003-11-23,59.7
2003-11-24,57.505
2003-11-25,56.12
2003-11-26,55.395
2003-11-27,53.45
2003-11-28,52.385
2003-11-29,53.51
2003-11-30,53.11
2003-12-01,51.94
2003-12-02,54.92
2003-12-03,54.56
2003-12-04,53.78
2003-12-05,67.325
2003-12-06,76.05
2003-12-07,93.6
2003-12-08,89.55
2003-12-09,88.4
2003-12-10,115.8
2003-12-11,150.3
2003-12-12,144.2
2003-12-13,139.5
2003-12-14,149.2
2003-12-15,144.6
2003-12-16,140.75
2003-12-17,137.7
2003-12-18,134.9
2003-12-19,131.3
2003-12-20,142.35
2003-12-21,153.3
2003-12-22,149.15
2003-12-23,148.95
2003-12-24,183.8
2003-12-25,229.55
2003-12-26,263.3
2003-12-27,252.8
2003-12-28,246.6
2003-12-29,287.9
2003-12-30,304.5
2003-12-31,298.5
2004-01-01,314.55
2004-01-02,316.45
2004-01-03,308.35
2004-01-04,312
2004-01-05,306.8
2004-01-06,302.15
2004-01-07,308.2
2004-01-08,298.5
2004-01-09,294.25
2004-01-10,288.6
2004-01-11,285.4
2004-01-12,282.5
2004-01-13,279.8
2004-01-14,277.6
2004-01-15,275.5
2004-01-16,273.7
2004-01-17,272.1
2004-01-18,270.65
2004-01-19,269.1
2004-01-20,268.4
2004-01-21,267.2
2004-01-22,265.55
2004-01-23,265.05
2004-01-24,263.5
2004-01-25,261.25
2004-01-26,260.8
2004-01-27,275.1
2004-01-28,275.6
2004-01-29,273.7
2004-01-30,267.7
2004-01-31,271.75
2004-02-01,272.2
2004-02-02,281.1
2004-02-03,335.1
2004-02-04,328.4
2004-02-05,323.25
2004-02-06,320.4
2004-02-07,317.45
2004-02-08,314.4
2004-02-09,312.1
2004-02-10,309.1
2004-02-11,306.75
2004-02-12,304.85
2004-02-13,300.9
2004-02-14,298.35
2004-02-15,296.15
2004-02-16,304.55
2004-02-17,309.2
2004-02-18,331.3
2004-02-19,329.7
2004-02-20,330.1
2004-02-21,331.25
2004-02-22,350.1
2004-02-23,350.5
2004-02-24,364.9
2004-02-25,367.5
2004-02-26,392.5
2004-02-27,410.2
2004-02-28,397
2004-02-29,390.45
2004-03-01,398.7
2004-03-02,417.8
2004-03-03,409.6
2004-03-04,402.5
2004-03-05,397.15
2004-03-06,393.5
2004-03-07,387.6
2004-03-08,380.65
2004-03-09,375.15
2004-03-10,368.2
2004-03-11,363.25
2004-03-12,359
2004-03-13,354.3
2004-03-14,351.2
2004-03-15,346.1
2004-03-16,342.3
2004-03-17,339.1
2004-03-18,335.5
2004-03-19,332
2004-03-20,326.8
2004-03-21,321.95
2004-03-22,318.1
2004-03-23,314.8
2004-03-24,311.1
2004-03-25,309.6
2004-03-26,340.3
2004-03-27,361.75
2004-03-28,356.4
2004-03-29,351.35
2004-03-30,345.3
2004-03-31,339.9
2004-04-01,337.2
2004-04-02,336
2004-04-03,333.6
2004-04-04,330.45
2004-04-05,326.3
2004-04-06,321.15
2004-04-07,319.55
2004-04-08,314.9
2004-04-09,311.25
2004-04-10,309.25
2004-04-11,304.85
2004-04-12,299.8
2004-04-13,297.4
2004-04-14,296.15
2004-04-15,294.1
2004-04-16,293.2
2004-04-17,306
2004-04-18,312.9
2004-04-19,331.25
2004-04-20,328.5
2004-04-21,325.05
2004-04-22,318.5
2004-04-23,313.4
2004-04-24,308.3
2004-04-25,301
2004-04-26,294.9
2004-04-27,290.85
2004-04-28,281.4
2004-04-29,277.2
2004-04-30,270.7
2004-05-01,265.55
2004-05-02,258.8
2004-05-03,252.2
2004-05-04,242.7
2004-05-05,235.3
2004-05-06,230.2
2004-05-07,226.05
2004-05-08,221.35
2004-05-09,216.25
2004-05-10,212.4
2004-05-11,211.35
2004-05-12,209.1
2004-05-13,203.3
2004-05-14,199.65
2004-05-15,193.6
2004-05-16,190.8
2004-05-17,181.9
2004-05-18,177.8
2004-05-19,171.3
2004-05-20,168.8
2004-05-21,165.1
2004-05-22,157.7
2004-05-23,152.1
2004-05-24,146.1
2004-05-25,142
2004-05-26,137.65
2004-05-27,129.2
2004-05-28,122.3
2004-05-29,116.4
2004-05-30,111.4
2004-05-31,100.95
2004-06-01,90.5
2004-06-02,80.05
2004-06-03,69.6
2004-06-04,58.55
2004-06-05,47.1
2004-06-06,34.56
2004-06-07,18.86
2004-06-08,16.13
2004-06-09,15.5
2004-06-10,0
2004-06-11,0
2004-06-12,0
2004-06-13,0
2004-06-14,0
2004-06-15,0
2004-06-16,0
2004-06-17,0
2004-06-18,0
2004-06-19,0
2004-06-20,0
2004-06-21,0
2004-06-22,0
2004-06-23,0
2004-06-24,0
2004-06-25,0
2004-06-26,0
2004-06-27,0
2004-06-28,0
2004-06-29,0
2004-06-30,0
2004-07-01,0
2004-07-02,0
2004-07-03,0
2004-07-04,0
2004-07-05,0
2004-07-06,0
2004-07-07,0
2004-07-08,0
2004-07-09,0
2004-07-10,0
2004-07-11,0
2004-07-12,0
2004-07-13,0
2004-07-14,0
2004-07-15,0
2004-07-16,0
2004-07-17,0
2004-07-18,0
2004-07-19,0
2004-07-20,0
2004-07-21,0
2004-07-22,0
2004-07-23,0
2004-07-24,0
2004-07-25,0
2004-07-26,0
2004-07-27,0
2004-07-28,0
2004-07-29,0
2004-07-30,0
2004-07-31,0
2004-08-01,0
2004-08-02,0
2004-08-03,0
2004-08-04,0
2004-08-05,0
2004-08-06,0
2004-08-07,0
2004-08-08,0
2004-08-09,0
2004-08-10,0
2004-08-11,0
2004-08-12,0
2004-08-13,0
2004-08-14,0
2004-08-15,0
2004-08-16,0
2004-08-17,0
2004-08-18,0
2004-08-19,0
2004-08-20,0
2004-08-21,0
2004-08-22,0
2004-08-23,0
2004-08-24,0
2004-08-25,0
2004-08-26,0
2004-08-27,0
2004-08-28,0
2004-08-29,0
2004-08-30,0
2004-08-31,0
2004-09-01,0
2004-09-02,0
2004-09-03,0
2004-09-04,0
2004-09-05,0
2004-09-06,0
2004-09-07,0
2004-09-08,0
2004-09-09,0
2004-09-10,0
2004-09-11,0
2004-09-12,0
2004-09-13,0
2004-09-14,0
2004-09-15,0
2004-09-16,0
2004-09-17,0
2004-09-18,0
2004-09-19,0
2004-09-20,0
2004-09-21,0
2004-09-22,0
2004-09-23,0
2004-09-24,0
2004-09-25,0
2004-09-26,0
2004-09-27,0
2004-09-28,0
2004-09-29,0
2004-09-30,0
2004-10-01,0
2004-10-02,0
2004-10-03,0
2004-10-04,0
2004-10-05,0
2004-10-06,0
2004-10-07,0
2004-10-08,0
2004-10-09,0
2004-10-10,0
2004-10-11,0
2004-10-12,0
2004-10-13,18.905
2004-10-14,19.065
2004-10-15,21.3075
2004-10-16,23.55
2004-10-17,25.7925
2004-10-18,28.035
2004-10-19,56.11
2004-10-20,92.7
2004-10-21,90.5
2004-10-22,86.6
2004-10-23,83.6
2004-10-24,88.75
2004-10-25,89.75
2004-10-26,111.4
2004-10-27,144.55
2004-10-28,137
2004-10-29,128.5
2004-10-30,122.6
2004-10-31,118.8
2004-11-01,115.05
2004-11-02,111.4
2004-11-03,108.3
2004-11-04,122.85
2004-11-05,117.1
2004-11-06,112.95
2004-11-07,112.75
2004-11-08,121.6
2004-11-09,119.2
2004-11-10,117.4
2004-11-11,123.7
2004-11-12,116.6
2004-11-13,121.7
2004-11-14,119.9
2004-11-15,117.5
2004-11-16,116.5
2004-11-17,114.3
2004-11-18,113.35
2004-11-19,112.35
2004-11-20,112.1
2004-11-21,114.1
2004-11-22,113.3
2004-11-23,112.25
2004-11-24,111.05
2004-11-25,110.05
2004-11-26,112.1
2004-11-27,124.8
2004-11-28,129.1
2004-11-29,126.1
2004-11-30,124.9
2004-12-01,123.7
2004-12-02,123.4
2004-12-03,125.1
2004-12-04,123.25
2004-12-05,122.5
2004-12-06,143.1
2004-12-07,178.8
2004-12-08,211.8
2004-12-09,256.9
2004-12-10,248.7
2004-12-11,242.5
2004-12-12,238
2004-12-13,233.8
2004-12-14,230.45
2004-12-15,227.5
2004-12-16,225.5
2004-12-17,223.3
2004-12-18,221.7
2004-12-19,220
2004-12-20,218.35
2004-12-21,217.2
2004-12-22,215.8
2004-12-23,214.55
2004-12-24,213.45
2004-12-25,212.45
2004-12-26,211.5
2004-12-27,211.2
2004-12-28,232.5
2004-12-29,248.1
2004-12-30,277.9
2004-12-31,307.2
2005-01-01,330.9
2005-01-02,331.55
2005-01-03,332.2
2005-01-04,336.3
2005-01-05,346.35
2005-01-06,356.9
2005-01-07,367.1
2005-01-08,363.5
2005-01-09,378.6
2005-01-10,391.6
2005-01-11,410.3
2005-01-12,405.7
2005-01-13,399.25
2005-01-14,393
2005-01-15,387.65
2005-01-16,383.2
2005-01-17,378.65
2005-01-18,374.55
2005-01-19,371.2
2005-01-20,368.15
2005-01-21,364.9
2005-01-22,362.4
2005-01-23,360.3
2005-01-24,358.2
2005-01-25,362.1
2005-01-26,376.4
2005-01-27,389.95
2005-01-28,404.35
2005-01-29,402.2
2005-01-30,395.25
2005-01-31,390.6
2005-02-01,385.95
2005-02-02,381.3
2005-02-03,378.4
2005-02-04,375.4
2005-02-05,373.3
2005-02-06,371.65
2005-02-07,374
2005-02-08,372.2
2005-02-09,370.2
2005-02-10,368.45
2005-02-11,371
2005-02-12,397.45
2005-02-13,394.4
2005-02-14,389.9
2005-02-15,407
2005-02-16,438.7
2005-02-17,431.9
2005-02-18,428.1
2005-02-19,433.4
2005-02-20,440.4
2005-02-21,459.45
2005-02-22,478.5
2005-02-23,440.45
2005-02-24,440.3
2005-02-25,435.35
2005-02-26,431.2
2005-02-27,428.35
2005-02-28,438.3
2005-03-01,478.6
2005-03-02,478.5
2005-03-03,478.55
2005-03-04,478.55
2005-03-05,459.45
2005-03-06,440.35
2005-03-07,439.8
2005-03-08,437.6
2005-03-09,433.5
2005-03-10,428.2
2005-03-11,424.45
2005-03-12,420.9
2005-03-13,418.45
2005-03-14,415.8
2005-03-15,412.75
2005-03-16,410.6
2005-03-17,408
2005-03-18,406.9
2005-03-19,423.35
2005-03-20,428.1
2005-03-21,460.75
2005-03-22,460.260185185185
2005-03-23,459.77037037037
2005-03-24,459.280555555556
2005-03-25,458.790740740741
2005-03-26,458.300925925926
2005-03-27,457.811111111111
2005-03-28,457.321296296296
2005-03-29,456.831481481481
2005-03-30,456.341666666667
2005-03-31,455.851851851852
2005-04-01,455.362037037037
2005-04-02,454.872222222222
2005-04-03,454.382407407407
2005-04-04,453.892592592593
2005-04-05,453.402777777778
2005-04-06,452.912962962963
2005-04-07,452.423148148148
2005-04-08,451.933333333333
2005-04-09,451.443518518519
2005-04-10,450.953703703704
2005-04-11,450.463888888889
2005-04-12,449.974074074074
2005-04-13,449.484259259259
2005-04-14,448.994444444444
2005-04-15,448.50462962963
2005-04-16,448.014814814815
2005-04-17,447.525
2005-04-18,447.035185185185
2005-04-19,446.54537037037
2005-04-20,446.055555555556
2005-04-21,445.565740740741
2005-04-22,445.075925925926
2005-04-23,444.586111111111
2005-04-24,444.096296296296
2005-04-25,443.606481481482
2005-04-26,443.116666666667
2005-04-27,442.626851851852
2005-04-28,442.137037037037
2005-04-29,441.647222222222
2005-04-30,441.157407407407
2005-05-01,440.667592592593
2005-05-02,440.177777777778
2005-05-03,439.687962962963
2005-05-04,439.198148148148
2005-05-05,438.708333333333
2005-05-06,438.218518518519
2005-05-07,437.728703703704
2005-05-08,437.238888888889
2005-05-09,436.749074074074
2005-05-10,436.259259259259
2005-05-11,435.769444444444
2005-05-12,435.27962962963
2005-05-13,434.789814814815
2005-05-14,434.3
2005-05-15,427.6
2005-05-16,420.8
2005-05-17,419.65
2005-05-18,414.45
2005-05-19,406.2
2005-05-20,398.65
2005-05-21,389.7
2005-05-22,384.5
2005-05-23,377.4
2005-05-24,372
2005-05-25,364.1
2005-05-26,357.3
2005-05-27,348.1
2005-05-28,338.6
2005-05-29,330.3
2005-05-30,321.75
2005-05-31,316.9
2005-06-01,307.2
2005-06-02,301.15
2005-06-03,293.4
2005-06-04,286.25
2005-06-05,281.5
2005-06-06,277.3
2005-06-07,275.85
2005-06-08,270.6
2005-06-09,264.5
2005-06-10,258.1
2005-06-11,250.6
2005-06-12,241.85
2005-06-13,234.9
2005-06-14,225.7
2005-06-15,209.6
2005-06-16,199.25
2005-06-17,195.2
2005-06-18,192.95
2005-06-19,187.7
2005-06-20,178.95
2005-06-21,172.8
2005-06-22,165.45
2005-06-23,157.7
2005-06-24,150.55
2005-06-25,143.6
2005-06-26,137.8
2005-06-27,129.6
2005-06-28,125.897142857143
2005-06-29,122.194285714286
2005-06-30,118.491428571429
2005-07-01,114.788571428571
2005-07-02,111.085714285714
2005-07-03,107.382857142857
2005-07-04,103.68
2005-07-05,99.9771428571429
2005-07-06,96.2742857142857
2005-07-07,92.5714285714286
2005-07-08,88.8685714285714
2005-07-09,85.1657142857143
2005-07-10,81.4628571428571
2005-07-11,77.76
2005-07-12,74.0571428571428
2005-07-13,70.3542857142857
2005-07-14,66.6514285714286
2005-07-15,62.9485714285714
2005-07-16,59.2457142857143
2005-07-17,55.5428571428571
2005-07-18,51.84
2005-07-19,48.1371428571429
2005-07-20,44.4342857142857
2005-07-21,40.7314285714286
2005-07-22,37.0285714285714
2005-07-23,33.3257142857143
2005-07-24,29.6228571428571
2005-07-25,25.92
2005-07-26,22.2171428571428
2005-07-27,18.5142857142857
2005-07-28,14.8114285714286
2005-07-29,11.1085714285714
2005-07-30,7.40571428571429
2005-07-31,3.70285714285714
2005-08-01,0
2005-08-02,0
2005-08-03,0
2005-08-04,0
2005-08-05,0
2005-08-06,0
2005-08-07,0
2005-08-08,0
2005-08-09,0
2005-08-10,0
2005-08-11,0
2005-08-12,0
2005-08-13,0
2005-08-14,0
2005-08-15,0
2005-08-16,0
2005-08-17,0
2005-08-18,0
2005-08-19,0
2005-08-20,0
2005-08-21,0
2005-08-22,0
2005-08-23,0
2005-08-24,0
2005-08-25,0
2005-08-26,0
2005-08-27,0
2005-08-28,0
2005-08-29,0
2005-08-30,0
2005-08-31,0
2005-09-01,0
2005-09-02,0
2005-09-03,0
2005-09-04,0
2005-09-05,0
2005-09-06,0
2005-09-07,0
2005-09-08,0
2005-09-09,0
2005-09-10,0
2005-09-11,0
2005-09-12,0
2005-09-13,0
2005-09-14,0
2005-09-15,0
2005-09-16,0
2005-09-17,0
2005-09-18,0
2005-09-19,0
2005-09-20,0
2005-09-21,0
2005-09-22,0
2005-09-23,0
2005-09-24,0
2005-09-25,0
2005-09-26,0
2005-09-27,0
2005-09-28,0
2005-09-29,0
2005-09-30,0
2005-10-01,0.111282051282051
2005-10-02,0.222564102564103
2005-10-03,0.333846153846154
2005-10-04,0.445128205128205
2005-10-05,0.556410256410256
2005-10-06,0.667692307692308
2005-10-07,0.778974358974359
2005-10-08,0.89025641025641
2005-10-09,1.00153846153846
2005-10-10,1.11282051282051
2005-10-11,1.22410256410256
2005-10-12,1.33538461538462
2005-10-13,1.44666666666667
2005-10-14,1.55794871794872
2005-10-15,1.66923076923077
2005-10-16,1.78051282051282
2005-10-17,1.89179487179487
2005-10-18,2.00307692307692
2005-10-19,2.11435897435897
2005-10-20,2.22564102564103
2005-10-21,2.33692307692308
2005-10-22,2.44820512820513
2005-10-23,2.55948717948718
2005-10-24,2.67076923076923
2005-10-25,2.78205128205128
2005-10-26,2.89333333333333
2005-10-27,3.00461538461538
2005-10-28,3.11589743589744
2005-10-29,3.22717948717949
2005-10-30,3.33846153846154
2005-10-31,3.44974358974359
2005-11-01,3.56102564102564
2005-11-02,3.67230769230769
2005-11-03,3.78358974358974
2005-11-04,3.89487179487179
2005-11-05,4.00615384615385
2005-11-06,4.1174358974359
2005-11-07,4.22871794871795
2005-11-08,4.34
2005-11-09,10.74
2005-11-10,9.83
2005-11-11,6.45
2005-11-12,9.105
2005-11-13,10.515
2005-11-14,8.54
2005-11-15,6.565
2005-11-16,6.72
2005-11-17,6.43
2005-11-18,6.77
2005-11-19,8.23
2005-11-20,7.56
2005-11-21,6.405
2005-11-22,6.71
2005-11-23,6.545
2005-11-24,6.38
2005-11-25,6.215
2005-11-26,6.05
2005-11-27,5.885
2005-11-28,5.72
2005-11-29,40.69
2005-11-30,41.53
2005-12-01,41.34
2005-12-02,94.5
2005-12-03,89.9
2005-12-04,87.7
2005-12-05,87.55
2005-12-06,86.9
2005-12-07,85.8
2005-12-08,89.55
2005-12-09,86.1
2005-12-10,87.3
2005-12-11,87.1
2005-12-12,83.9
2005-12-13,87
2005-12-14,85.7
2005-12-15,84
2005-12-16,82.9
2005-12-17,81.4
2005-12-18,128.3
2005-12-19,152
2005-12-20,148.9
2005-12-21,145.8
2005-12-22,146.5
2005-12-23,145.2
2005-12-24,143.1
2005-12-25,137.75
2005-12-26,143.85
2005-12-27,212.1
2005-12-28,208.95
2005-12-29,216
2005-12-30,243.05
2005-12-31,291.3
2006-01-01,240.4
2006-01-02,304.5
2006-01-03,373.5
2006-01-04,359.2
2006-01-05,348.3
2006-01-06,343.55
2006-01-07,337.9
2006-01-08,330.65
2006-01-09,326.1
2006-01-10,321.2
2006-01-11,316.5
2006-01-12,314.4
2006-01-13,310.45
2006-01-14,316.3
2006-01-15,327
2006-01-16,324.2
2006-01-17,320.6
2006-01-18,319.3
2006-01-19,316.4
2006-01-20,316.9
2006-01-21,323.4
2006-01-22,325.7
2006-01-23,323.25
2006-01-24,320.8
2006-01-25,320.7
2006-01-26,463.35
2006-01-27,606
2006-01-28,607
2006-01-29,608.4
2006-01-30,610.2
2006-01-31,609.55
2006-02-01,613.45
2006-02-02,614.6
2006-02-03,612.1
2006-02-04,612.3
2006-02-05,608.8
2006-02-06,613.45
2006-02-07,608.6
2006-02-08,604.5
2006-02-09,604.75
2006-02-10,604.9
2006-02-11,604.8
2006-02-12,604.7
2006-02-13,604.9
2006-02-14,605.2
2006-02-15,605.9
2006-02-16,605.7
2006-02-17,605.1
2006-02-18,604.2
2006-02-19,603.5
2006-02-20,604.4
2006-02-21,604.45
2006-02-22,604.1
2006-02-23,604.6
2006-02-24,604.7
2006-02-25,604.8
2006-02-26,604.7
2006-02-27,603.9
2006-02-28,606.4
2006-03-01,603.6
2006-03-02,603.8
2006-03-03,605.8
2006-03-04,603.5
2006-03-05,604.6
2006-03-06,604.35
2006-03-07,603.6
2006-03-08,603
2006-03-09,605
2006-03-10,604.9
2006-03-11,605
2006-03-12,604.9
2006-03-13,604.7
2006-03-14,604.7
2006-03-15,604.2
2006-03-16,604.2
2006-03-17,603.95
2006-03-18,602.5
2006-03-19,602.6
2006-03-20,603.75
2006-03-21,603
2006-03-22,603.8
2006-03-23,603.6
2006-03-24,603.6
2006-03-25,603.7
2006-03-26,602.9
2006-03-27,603
2006-03-28,602.9
2006-03-29,603.6
2006-03-30,603.4
2006-03-31,603.2
2006-04-01,603.8
2006-04-02,604
2006-04-03,602.85
2006-04-04,602.85
2006-04-05,602.55
2006-04-06,602.35
2006-04-07,602.5
2006-04-08,602.4
2006-04-09,602.5
2006-04-10,602.4
2006-04-11,602.6
2006-04-12,602.4
2006-04-13,602.6
2006-04-14,602.5
2006-04-15,602.95
2006-04-16,603.1
2006-04-17,602.5
2006-04-18,602.5
2006-04-19,602.85
2006-04-20,603.3
2006-04-21,603.2
2006-04-22,603.1
2006-04-23,603.1
2006-04-24,603.1
2006-04-25,603.5
2006-04-26,603.5
2006-04-27,603.85
2006-04-28,604.05
2006-04-29,603.8
2006-04-30,604.3
2006-05-01,602.2
2006-05-02,603.5
2006-05-03,604.8
2006-05-04,605.4
2006-05-05,599.791860465116
2006-05-06,594.183720930233
2006-05-07,588.575581395349
2006-05-08,582.967441860465
2006-05-09,577.359302325581
2006-05-10,571.751162790698
2006-05-11,566.143023255814
2006-05-12,560.53488372093
2006-05-13,554.926744186046
2006-05-14,549.318604651163
2006-05-15,543.710465116279
2006-05-16,538.102325581395
2006-05-17,532.494186046512
2006-05-18,526.886046511628
2006-05-19,521.277906976744
2006-05-20,515.66976744186
2006-05-21,510.061627906977
2006-05-22,504.453488372093
2006-05-23,498.845348837209
2006-05-24,493.237209302326
2006-05-25,487.629069767442
2006-05-26,482.020930232558
2006-05-27,476.412790697674
2006-05-28,470.804651162791
2006-05-29,465.196511627907
2006-05-30,459.588372093023
2006-05-31,453.98023255814
2006-06-01,448.372093023256
2006-06-02,442.763953488372
2006-06-03,437.155813953488
2006-06-04,431.547674418605
2006-06-05,425.939534883721
2006-06-06,420.331395348837
2006-06-07,414.723255813954
2006-06-08,409.11511627907
2006-06-09,403.506976744186
2006-06-10,397.898837209302
2006-06-11,392.290697674419
2006-06-12,386.682558139535
2006-06-13,381.074418604651
2006-06-14,375.466279069767
2006-06-15,369.858139534884
2006-06-16,364.25
2006-06-17,363.8
2006-06-18,366.533333333333
2006-06-19,369.266666666667
2006-06-20,372
2006-06-21,374.733333333333
2006-06-22,377.466666666667
2006-06-23,380.2
2006-06-24,382.933333333333
2006-06-25,385.666666666667
2006-06-26,388.4
2006-06-27,391.133333333333
2006-06-28,393.866666666667
2006-06-29,396.6
2006-06-30,399.333333333333
2006-07-01,402.066666666667
2006-07-02,404.8
2006-07-03,407.533333333333
2006-07-04,410.266666666667
2006-07-05,413
2006-07-06,0
2006-07-07,0
2006-07-08,0
2006-07-09,0
2006-07-10,0
2006-07-11,0
2006-07-12,0
2006-07-13,0
2006-07-14,0
2006-07-15,0
2006-07-16,0
2006-07-17,0
2006-07-18,0
2006-07-19,0
2006-07-20,0
2006-07-21,0
2006-07-22,0
2006-07-23,0
2006-07-24,0
2006-07-25,0
2006-07-26,0
2006-07-27,0
2006-07-28,0
2006-07-29,0
2006-07-30,0
2006-07-31,0
2006-08-01,0
2006-08-02,0
2006-08-03,0
2006-08-04,0
2006-08-05,0
2006-08-06,0
2006-08-07,0
2006-08-08,0
2006-08-09,0
2006-08-10,0
2006-08-11,0
2006-08-12,0
2006-08-13,0
2006-08-14,0
2006-08-15,0
2006-08-16,0
2006-08-17,0
2006-08-18,0
2006-08-19,0
2006-08-20,0
2006-08-21,0
2006-08-22,0
2006-08-23,0
2006-08-24,0
2006-08-25,0
2006-08-26,0
2006-08-27,0
2006-08-28,0
2006-08-29,0
2006-08-30,0
2006-08-31,0
2006-09-01,0
2006-09-02,0
2006-09-03,0
2006-09-04,0
2006-09-05,0
2006-09-06,0
2006-09-07,0
2006-09-08,0
2006-09-09,0
2006-09-10,0
2006-09-11,0
2006-09-12,0
2006-09-13,0
2006-09-14,0
2006-09-15,0
2006-09-16,0
2006-09-17,0
2006-09-18,0
2006-09-19,0
2006-09-20,0
2006-09-21,0
2006-09-22,0
2006-09-23,0
2006-09-24,0
2006-09-25,0
2006-09-26,0
2006-09-27,0
2006-09-28,0
2006-09-29,0
2006-09-30,0
2006-10-01,0.0122826086956522
2006-10-02,0.0245652173913043
2006-10-03,0.0368478260869565
2006-10-04,0.0491304347826087
2006-10-05,0.0614130434782609
2006-10-06,0.073695652173913
2006-10-07,0.0859782608695652
2006-10-08,0.0982608695652174
2006-10-09,0.11054347826087
2006-10-10,0.122826086956522
2006-10-11,0.135108695652174
2006-10-12,0.147391304347826
2006-10-13,0.159673913043478
2006-10-14,0.17195652173913
2006-10-15,0.184239130434783
2006-10-16,0.196521739130435
2006-10-17,0.208804347826087
2006-10-18,0.221086956521739
2006-10-19,0.233369565217391
2006-10-20,0.245652173913043
2006-10-21,0.257934782608696
2006-10-22,0.270217391304348
2006-10-23,0.2825
2006-10-24,0.294782608695652
2006-10-25,0.307065217391304
2006-10-26,0.319347826086956
2006-10-27,0.331630434782609
2006-10-28,0.343913043478261
2006-10-29,0.356195652173913
2006-10-30,0.368478260869565
2006-10-31,0.380760869565217
2006-11-01,0.393043478260869
2006-11-02,0.405326086956522
2006-11-03,0.417608695652174
2006-11-04,0.429891304347826
2006-11-05,0.442173913043478
2006-11-06,0.45445652173913
2006-11-07,0.466739130434783
2006-11-08,0.479021739130435
2006-11-09,0.491304347826087
2006-11-10,0.503586956521739
2006-11-11,0.515869565217391
2006-11-12,0.528152173913043
2006-11-13,0.540434782608696
2006-11-14,0.552717391304348
2006-11-15,0.565
2006-11-16,0.701333333333333
2006-11-17,0.837666666666667
2006-11-18,0.974
2006-11-19,1.11033333333333
2006-11-20,1.24666666666667
2006-11-21,1.383
2006-11-22,1.51933333333333
2006-11-23,1.65566666666667
2006-11-24,1.792
2006-11-25,1.92833333333333
2006-11-26,2.06466666666667
2006-11-27,2.201
2006-11-28,2.33733333333333
2006-11-29,2.47366666666667
2006-11-30,2.61
2006-12-01,3.49
2006-12-02,2.84
2006-12-03,2.99
2006-12-04,3.97625
2006-12-05,4.9625
2006-12-06,5.94875
2006-12-07,6.935
2006-12-08,7.92125
2006-12-09,8.9075
2006-12-10,9.89375
2006-12-11,10.88
2006-12-12,22.105
2006-12-13,23.18
2006-12-14,19.74
2006-12-15,9.33
2006-12-16,4.3
2006-12-17,34.86
2006-12-18,25.34
2006-12-19,25.26
2006-12-20,28.26
2006-12-21,27.79
2006-12-22,40.865
2006-12-23,42.74
2006-12-24,40.46
2006-12-25,43.4966666666667
2006-12-26,46.5333333333333
2006-12-27,49.57
2006-12-28,52.6066666666667
2006-12-29,55.6433333333333
2006-12-30,58.68
2006-12-31,61.7166666666667
2007-01-01,64.7533333333333
2007-01-02,67.79
2007-01-03,70.8266666666667
2007-01-04,73.8633333333333
2007-01-05,76.9
2007-01-06,79.15
2007-01-07,81.4
2007-01-08,83.65
2007-01-09,86.65
2007-01-10,82.55
2007-01-11,68.65
2007-01-12,61.55
2007-01-13,66.83
2007-01-14,66.735
2007-01-15,73.298
2007-01-16,79.861
2007-01-17,86.424
2007-01-18,92.987
2007-01-19,99.55
2007-01-20,99.2
2007-01-21,91.5
2007-01-22,100
2007-01-23,101.15
2007-01-24,102.1
2007-01-25,100.9
2007-01-26,98
2007-01-27,95.05
2007-01-28,96.35
2007-01-29,97.65
2007-01-30,98.8
2007-01-31,99.2
2007-02-01,100
2007-02-02,101.7
2007-02-03,104.4
2007-02-04,104.8
2007-02-05,105
2007-02-06,102.15
2007-02-07,99.35
2007-02-08,104.7
2007-02-09,113.2
2007-02-10,146.05
2007-02-11,174.3
2007-02-12,178.55
2007-02-13,174.05
2007-02-14,176.6
2007-02-15,176.7
2007-02-16,173.75
2007-02-17,169.65
2007-02-18,172.7
2007-02-19,178.6
2007-02-20,179.5
2007-02-21,173.5
2007-02-22,170.7
2007-02-23,190.1
2007-02-24,191.5
2007-02-25,207.25
2007-02-26,241.85
2007-02-27,231.4
2007-02-28,235.05
2007-03-01,237.5
2007-03-02,234.1
2007-03-03,233.4
2007-03-04,234
2007-03-05,229.85
2007-03-06,226.85
2007-03-07,224
2007-03-08,220.7
2007-03-09,219.5
2007-03-10,218.05
2007-03-11,215.5
2007-03-12,213.9
2007-03-13,208.65
2007-03-14,202.75
2007-03-15,199.1
2007-03-16,197.05
2007-03-17,193.85
2007-03-18,188.5
2007-03-19,184.2
2007-03-20,180
2007-03-21,179.1
2007-03-22,180.15
2007-03-23,180.45
2007-03-24,179.25
2007-03-25,177.1
2007-03-26,173.5
2007-03-27,189.5
2007-03-28,188.9
2007-03-29,188
2007-03-30,188
2007-03-31,185.65
2007-04-01,181.4
2007-04-02,177.7
2007-04-03,176.2
2007-04-04,173
2007-04-05,170.3
2007-04-06,167.65
2007-04-07,161.9
2007-04-08,158.7
2007-04-09,154.55
2007-04-10,150.1
2007-04-11,149.3
2007-04-12,142.5
2007-04-13,148.5
2007-04-14,146
2007-04-15,159
2007-04-16,153.5
2007-04-17,150.05
2007-04-18,139.9
2007-04-19,145.7
2007-04-20,156.3
2007-04-21,159.05
2007-04-22,169.3
2007-04-23,171.6
2007-04-24,171.25
2007-04-25,167.6
2007-04-26,160.1
2007-04-27,156.65
2007-04-28,153.5
2007-04-29,145.55
2007-04-30,138.3
2007-05-01,131.8
2007-05-02,124.2
2007-05-03,119.1
2007-05-04,134.1
2007-05-05,133.4
2007-05-06,133.4
2007-05-07,131.75
2007-05-08,128.8
2007-05-09,121.333333333333
2007-05-10,113.866666666667
2007-05-11,106.4
2007-05-12,103.3
2007-05-13,99.15
2007-05-14,95
2007-05-15,86.8
2007-05-16,82.5
2007-05-17,72.8
2007-05-18,65.35
2007-05-19,56.59
2007-05-20,45.42
2007-05-21,34.59
2007-05-22,21.095
2007-05-23,18.015
2007-05-24,19.36
2007-05-25,23.085
2007-05-26,24.47
2007-05-27,21.86
2007-05-28,23.31
2007-05-29,24.635
2007-05-30,25.96
2007-05-31,25.06
2007-06-01,24.94
2007-06-02,25.15
2007-06-03,24.53
2007-06-04,24.73
2007-06-05,16.79
2007-06-06,8.03
2007-06-07,0
2007-06-08,0
2007-06-09,0
2007-06-10,0
2007-06-11,0
2007-06-12,0
2007-06-13,0
2007-06-14,0
2007-06-15,0
2007-06-16,0
2007-06-17,0
2007-06-18,0
2007-06-19,0
2007-06-20,0
2007-06-21,0
2007-06-22,0
2007-06-23,0
2007-06-24,0
2007-06-25,0
2007-06-26,0
2007-06-27,0
2007-06-28,0
2007-06-29,0
2007-06-30,0
2007-07-01,0
2007-07-02,0
2007-07-03,0
2007-07-04,0
2007-07-05,0
2007-07-06,0
2007-07-07,0
2007-07-08,0
2007-07-09,0
2007-07-10,0
2007-07-11,0
2007-07-12,0
2007-07-13,0
2007-07-14,0
2007-07-15,0
2007-07-16,0
2007-07-17,0
2007-07-18,0
2007-07-19,0
2007-07-20,0
2007-07-21,0
2007-07-22,0
2007-07-23,0
2007-07-24,0
2007-07-25,0
2007-07-26,0
2007-07-27,0
2007-07-28,0
2007-07-29,0
2007-07-30,0
2007-07-31,0
2007-08-01,0
2007-08-02,0
2007-08-03,0
2007-08-04,0
2007-08-05,0
2007-08-06,0
2007-08-07,0
2007-08-08,0
2007-08-09,0
2007-08-10,0
2007-08-11,0
2007-08-12,0
2007-08-13,0
2007-08-14,0
2007-08-15,0
2007-08-16,0
2007-08-17,0
2007-08-18,0
2007-08-19,0
2007-08-20,0
2007-08-21,0
2007-08-22,0
2007-08-23,0
2007-08-24,0
2007-08-25,0
2007-08-26,0
2007-08-27,0
2007-08-28,0
2007-08-29,0
2007-08-30,0
2007-08-31,0
2007-09-01,0
2007-09-02,0
2007-09-03,0
2007-09-04,0
2007-09-05,0
2007-09-06,0
2007-09-07,0
2007-09-08,0
2007-09-09,0
2007-09-10,0
2007-09-11,0
2007-09-12,0
2007-09-13,0
2007-09-14,0
2007-09-15,0
2007-09-16,0
2007-09-17,0
2007-09-18,0
2007-09-19,0
2007-09-20,0
2007-09-21,0
2007-09-22,0
2007-09-23,0
2007-09-24,0
2007-09-25,0
2007-09-26,0
2007-09-27,0
2007-09-28,0
2007-09-29,0
2007-09-30,0
2007-10-01,0
2007-10-02,0
2007-10-03,0
2007-10-04,0
2007-10-05,0
2007-10-06,0
2007-10-07,0
2007-10-08,0
2007-10-09,0
2007-10-10,0
2007-10-11,0
2007-10-12,0
2007-10-13,0
2007-10-14,0
2007-10-15,0
2007-10-16,0
2007-10-17,0
2007-10-18,0
2007-10-19,0
2007-10-20,0
2007-10-21,0
2007-10-22,0
2007-10-23,0
2007-10-24,0
2007-10-25,0
2007-10-26,0
2007-10-27,0
2007-10-28,0
2007-10-29,0
2007-10-30,0
2007-10-31,0
2007-11-01,0
2007-11-02,0
2007-11-03,0
2007-11-04,0
2007-11-05,0
2007-11-06,0
2007-11-07,0
2007-11-08,0
2007-11-09,0
2007-11-10,0
2007-11-11,0
2007-11-12,0
2007-11-13,0
2007-11-14,0
2007-11-15,0
2007-11-16,0
2007-11-17,0
2007-11-18,0
2007-11-19,0
2007-11-20,0
2007-11-21,0
2007-11-22,0
2007-11-23,0
2007-11-24,0
2007-11-25,0
2007-11-26,0
2007-11-27,0
2007-11-28,0
2007-11-29,0
2007-11-30,0
2007-12-01,0
2007-12-02,0
2007-12-03,3.476
2007-12-04,6.952
2007-12-05,10.428
2007-12-06,13.904
2007-12-07,17.38
2007-12-08,14.04
2007-12-09,16.86
2007-12-10,17.01
2007-12-11,22.43
2007-12-12,23.37
2007-12-13,19.01
2007-12-14,18.26
2007-12-15,18.75
2007-12-16,15.56
2007-12-17,19.16
2007-12-18,57.36
2007-12-19,90.65
2007-12-20,98.1
2007-12-21,96.9
2007-12-22,99.3
2007-12-23,95.8
2007-12-24,92.6
2007-12-25,86
2007-12-26,78.03
2007-12-27,79.24
2007-12-28,80.8
2007-12-29,97.2
2007-12-30,95.05
2007-12-31,92.25
2008-01-01,93.1
2008-01-02,90.9
2008-01-03,85.65
2008-01-04,106.2
2008-01-05,127.6
2008-01-06,147.1
2008-01-07,145
2008-01-08,156.8
2008-01-09,201
2008-01-10,195.55
2008-01-11,193.3
2008-01-12,191.1
2008-01-13,186.8
2008-01-14,188.25
2008-01-15,190.045833333333
2008-01-16,191.841666666667
2008-01-17,193.6375
2008-01-18,195.433333333333
2008-01-19,197.229166666667
2008-01-20,199.025
2008-01-21,200.820833333333
2008-01-22,202.616666666667
2008-01-23,204.4125
2008-01-24,206.208333333333
2008-01-25,208.004166666667
2008-01-26,209.8
2008-01-27,228.95
2008-01-28,232
2008-01-29,236.1
2008-01-30,241.375
2008-01-31,246.65
2008-02-01,251.925
2008-02-02,257.2
2008-02-03,262.475
2008-02-04,267.75
2008-02-05,273.025
2008-02-06,278.3
2008-02-07,275.5
2008-02-08,271
2008-02-09,268.916666666667
2008-02-10,266.833333333333
2008-02-11,264.75
2008-02-12,263.75
2008-02-13,258.8
2008-02-14,249.1
2008-02-15,254.6
2008-02-16,255.55
2008-02-17,254.2
2008-02-18,261.26
2008-02-19,268.32
2008-02-20,275.38
2008-02-21,282.44
2008-02-22,289.5
2008-02-23,289.3
2008-02-24,309.4
2008-02-25,336.8
2008-02-26,333.1
2008-02-27,325.5
2008-02-28,318.7
2008-02-29,314.5
2008-03-01,307.6
2008-03-02,300.45
2008-03-03,302.2
2008-03-04,299.8
2008-03-05,293.8
2008-03-06,293.65
2008-03-07,292.7
2008-03-08,289.8
2008-03-09,287.65
2008-03-10,287.55
2008-03-11,281.8
2008-03-12,277.5
2008-03-13,281.85
2008-03-14,274.7
2008-03-15,276
2008-03-16,283.3
2008-03-17,281.9
2008-03-18,281.4
2008-03-19,277.7
2008-03-20,274.2
2008-03-21,273.9
2008-03-22,272.4
2008-03-23,272.5
2008-03-24,270.2
2008-03-25,267.7
2008-03-26,265
2008-03-27,264.15
2008-03-28,263.1
2008-03-29,268.6
2008-03-30,299.5
2008-03-31,308.55
2008-04-01,305.15
2008-04-02,301.6
2008-04-03,298.2
2008-04-04,295.9
2008-04-05,292.7
2008-04-06,289.7
2008-04-07,286.65
2008-04-08,284.25
2008-04-09,282.8
2008-04-10,284.5
2008-04-11,281.7
2008-04-12,280
2008-04-13,275.6
2008-04-14,269.75
2008-04-15,261.3
2008-04-16,261.55
2008-04-17,259.742857142857
2008-04-18,257.935714285714
2008-04-19,256.128571428571
2008-04-20,254.321428571429
2008-04-21,252.514285714286
2008-04-22,250.707142857143
2008-04-23,248.9
2008-04-24,250.5
2008-04-25,251
2008-04-26,247.4
2008-04-27,243
2008-04-28,236.6
2008-04-29,228.2
2008-04-30,220.5
2008-05-01,220.9
2008-05-02,218.4
2008-05-03,213.7
2008-05-04,207.75
2008-05-05,208.1
2008-05-06,205.45
2008-05-07,198
2008-05-08,194.45
2008-05-09,189.2
2008-05-10,186.7
2008-05-11,180.9
2008-05-12,172.65
2008-05-13,169.35
2008-05-14,169.4
2008-05-15,162.9
2008-05-16,157.95
2008-05-17,150.9
2008-05-18,143.85
2008-05-19,136.8
2008-05-20,123.5
2008-05-21,108.5
2008-05-22,107.125
2008-05-23,105.75
2008-05-24,107.6
2008-05-25,115.5
2008-05-26,124.5
2008-05-27,116.8
2008-05-28,117.4
2008-05-29,114.9
2008-05-30,112.6778
2008-05-31,110.4556
2008-06-01,108.2334
2008-06-02,106.0112
2008-06-03,103.789
2008-06-04,101.5668
2008-06-05,99.3446
2008-06-06,97.1224
2008-06-07,94.9002
2008-06-08,92.678
2008-06-09,90.4558
2008-06-10,88.2336
2008-06-11,86.0114
2008-06-12,83.7892
2008-06-13,81.567
2008-06-14,79.3448
2008-06-15,77.1226
2008-06-16,74.9004
2008-06-17,72.6782
2008-06-18,70.456
2008-06-19,68.2338
2008-06-20,66.0116
2008-06-21,63.7894
2008-06-22,61.5672
2008-06-23,59.345
2008-06-24,57.1228
2008-06-25,54.9006
2008-06-26,52.6784
2008-06-27,50.4562
2008-06-28,48.234
2008-06-29,46.0118
2008-06-30,43.7896
2008-07-01,41.5674
2008-07-02,39.3452
2008-07-03,37.123
2008-07-04,34.9008
2008-07-05,32.6786
2008-07-06,30.4564
2008-07-07,28.2342
2008-07-08,26.012
2008-07-09,23.7898
2008-07-10,21.5676
2008-07-11,19.3454
2008-07-12,17.1232
2008-07-13,14.901
2008-07-14,12.6788
2008-07-15,10.4566
2008-07-16,8.2344
2008-07-17,6.0122
2008-07-18,3.79
2008-07-19,2.11
2008-07-20,0.25
2008-07-21,1.24
2008-07-22,1.81
2008-07-23,2.88
2008-07-24,2.735
2008-07-25,2.64
2008-07-26,2.4
2008-07-27,2.59
2008-07-28,3.91
2008-07-29,2.09
2008-07-30,2.63
2008-07-31,1.215
2008-08-01,0
2008-08-02,0
2008-08-03,0
2008-08-04,0
2008-08-05,0
2008-08-06,0
2008-08-07,0
2008-08-08,0
2008-08-09,0
2008-08-10,0
2008-08-11,0
2008-08-12,0
2008-08-13,0
2008-08-14,0
2008-08-15,0
2008-08-16,0
2008-08-17,0
2008-08-18,0
2008-08-19,0
2008-08-20,0
2008-08-21,0
2008-08-22,0
2008-08-23,0
2008-08-24,0
2008-08-25,0
2008-08-26,0
2008-08-27,0
2008-08-28,0
2008-08-29,0
2008-08-30,0
2008-08-31,0
2008-09-01,0
2008-09-02,0
2008-09-03,0
2008-09-04,0
2008-09-05,0
2008-09-06,0
2008-09-07,0
2008-09-08,0
2008-09-09,0
2008-09-10,0
2008-09-11,0
2008-09-12,0
2008-09-13,0
2008-09-14,0
2008-09-15,0
2008-09-16,0
2008-09-17,0
2008-09-18,0
2008-09-19,0
2008-09-20,0
2008-09-21,0
2008-09-22,0
2008-09-23,0
2008-09-24,0
2008-09-25,0
2008-09-26,0
2008-09-27,0
2008-09-28,0
2008-09-29,0
2008-09-30,0
2008-10-01,7.77
2008-10-02,15.54
2008-10-03,23.31
2008-10-04,31.08
2008-10-05,30.4565517241379
2008-10-06,29.8331034482759
2008-10-07,29.2096551724138
2008-10-08,28.5862068965517
2008-10-09,27.9627586206897
2008-10-10,27.3393103448276
2008-10-11,26.7158620689655
2008-10-12,26.0924137931034
2008-10-13,25.4689655172414
2008-10-14,24.8455172413793
2008-10-15,24.2220689655172
2008-10-16,23.5986206896552
2008-10-17,22.9751724137931
2008-10-18,22.351724137931
2008-10-19,21.728275862069
2008-10-20,21.1048275862069
2008-10-21,20.4813793103448
2008-10-22,19.8579310344828
2008-10-23,19.2344827586207
2008-10-24,18.6110344827586
2008-10-25,17.9875862068966
2008-10-26,17.3641379310345
2008-10-27,16.7406896551724
2008-10-28,16.1172413793103
2008-10-29,15.4937931034483
2008-10-30,14.8703448275862
2008-10-31,14.2468965517241
2008-11-01,13.6234482758621
2008-11-02,13
2008-11-03,15.63
2008-11-04,8.935
2008-11-05,13.15
2008-11-06,15.37
2008-11-07,16.55
2008-11-08,16.73
2008-11-09,37.83
2008-11-10,36.55
2008-11-11,38.15
2008-11-12,36.15
2008-11-13,35.11
2008-11-14,29.35
2008-11-15,25.61
2008-11-16,24.07
2008-11-17,25.4
2008-11-18,24.13
2008-11-19,23.41
2008-11-20,21.71
2008-11-21,21.74
2008-11-22,19.52
2008-11-23,19.04
2008-11-24,16.75
2008-11-25,15.38
2008-11-26,19.825
2008-11-27,25.295
2008-11-28,28.01
2008-11-29,29.05
2008-11-30,33.28
2008-12-01,32.8
2008-12-02,25.52
2008-12-03,27.05
2008-12-04,23.38
2008-12-05,22.54
2008-12-06,27.01
2008-12-07,25.3
2008-12-08,22.02
2008-12-09,25.58
2008-12-10,30.115
2008-12-11,30.26
2008-12-12,23.58
2008-12-13,15.605
2008-12-14,21.62
2008-12-15,80.1
2008-12-16,81.5
2008-12-17,71.68
2008-12-18,73.575
2008-12-19,107.1
2008-12-20,106.8
2008-12-21,102.1
2008-12-22,96.4
2008-12-23,98.85
2008-12-24,117.3
2008-12-25,125.1
2008-12-26,123.7
2008-12-27,129.4
2008-12-28,129.1
2008-12-29,125.8
2008-12-30,124.9
2008-12-31,121.55
2009-01-01,120.4
2009-01-02,118
2009-01-03,114.3
2009-01-04,116.4
2009-01-05,118.5
2009-01-06,119.2
2009-01-07,120.65
2009-01-08,117.95
2009-01-09,112.8
2009-01-10,114
2009-01-11,114.55
2009-01-12,113.1
2009-01-13,114.35
2009-01-14,114.5
2009-01-15,112
2009-01-16,108.75
2009-01-17,109.85
2009-01-18,108.15
2009-01-19,107.8
2009-01-20,109.6
2009-01-21,110.3
2009-01-22,137.4
2009-01-23,151.05
2009-01-24,193.9
2009-01-25,197.7
2009-01-26,199.3
2009-01-27,202.35
2009-01-28,196.8
2009-01-29,191.15
2009-01-30,189.3
2009-01-31,187.2
2009-02-01,183.85
2009-02-02,183.4
2009-02-03,180.9
2009-02-04,177.7
2009-02-05,175.9
2009-02-06,191.9
2009-02-07,216.95
2009-02-08,214.6
2009-02-09,241.65
2009-02-10,242.4
2009-02-11,272.6
2009-02-12,282.1
2009-02-13,288.5
2009-02-14,308.2
2009-02-15,302.85
2009-02-16,306.8
2009-02-17,363.75
2009-02-18,365.6
2009-02-19,351.5
2009-02-20,338.5
2009-02-21,327.7
2009-02-22,321.8
2009-02-23,345.4
2009-02-24,344.9
2009-02-25,337.15
2009-02-26,329.55
2009-02-27,325.683333333333
2009-02-28,321.816666666667
2009-03-01,317.95
2009-03-02,336
2009-03-03,320.8
2009-03-04,345.8
2009-03-05,336.75
2009-03-06,355.05
2009-03-07,354
2009-03-08,362.95
2009-03-09,353.4
2009-03-10,351.8
2009-03-11,347.6
2009-03-12,344.4
2009-03-13,342.05
2009-03-14,340.15
2009-03-15,336.95
2009-03-16,336.2
2009-03-17,333.2
2009-03-18,331.3
2009-03-19,327.4
2009-03-20,322.9
2009-03-21,318.45
2009-03-22,340.5
2009-03-23,343.6
2009-03-24,342.2
2009-03-25,339.05
2009-03-26,334.8
2009-03-27,330.55
2009-03-28,328.7
2009-03-29,323.55
2009-03-30,322.5
2009-03-31,322
2009-04-01,317.45
2009-04-02,314.2
2009-04-03,308.6
2009-04-04,309.75
2009-04-05,308.2
2009-04-06,306.4
2009-04-07,305.6
2009-04-08,327.95
2009-04-09,327.8
2009-04-10,332.7
2009-04-11,330.4
2009-04-12,326.6
2009-04-13,322.7
2009-04-14,316.3
2009-04-15,317
2009-04-16,317.4
2009-04-17,319
2009-04-18,316.8
2009-04-19,312.95
2009-04-20,309.1
2009-04-21,306.15
2009-04-22,301.9
2009-04-23,294.3
2009-04-24,284.5
2009-04-25,283.9
2009-04-26,283.9
2009-04-27,280.05
2009-04-28,275.1
2009-04-29,274.7
2009-04-30,271.9
2009-05-01,269.55
2009-05-02,280.45
2009-05-03,280
2009-05-04,280
2009-05-05,277.6
2009-05-06,274
2009-05-07,269.25
2009-05-08,264.05
2009-05-09,256.2
2009-05-10,248.9
2009-05-11,239.35
2009-05-12,230.8
2009-05-13,225.9
2009-05-14,220.25
2009-05-15,214.3
2009-05-16,207.45
2009-05-17,203.5
2009-05-18,194.9
2009-05-19,183.85
2009-05-20,175.3
2009-05-21,171.8
2009-05-22,164.8
2009-05-23,162.478873239437
2009-05-24,160.157746478873
2009-05-25,157.83661971831
2009-05-26,155.515492957746
2009-05-27,153.194366197183
2009-05-28,150.87323943662
2009-05-29,148.552112676056
2009-05-30,146.230985915493
2009-05-31,143.90985915493
2009-06-01,141.588732394366
2009-06-02,139.267605633803
2009-06-03,136.946478873239
2009-06-04,134.625352112676
2009-06-05,132.304225352113
2009-06-06,129.983098591549
2009-06-07,127.661971830986
2009-06-08,125.340845070423
2009-06-09,123.019718309859
2009-06-10,120.698591549296
2009-06-11,118.377464788732
2009-06-12,116.056338028169
2009-06-13,113.735211267606
2009-06-14,111.414084507042
2009-06-15,109.092957746479
2009-06-16,106.771830985915
2009-06-17,104.450704225352
2009-06-18,102.129577464789
2009-06-19,99.8084507042254
2009-06-20,97.487323943662
2009-06-21,95.1661971830986
2009-06-22,92.8450704225352
2009-06-23,90.5239436619718
2009-06-24,88.2028169014085
2009-06-25,85.8816901408451
2009-06-26,83.5605633802817
2009-06-27,81.2394366197183
2009-06-28,78.9183098591549
2009-06-29,76.5971830985916
2009-06-30,74.2760563380282
2009-07-01,71.9549295774648
2009-07-02,69.6338028169014
2009-07-03,67.312676056338
2009-07-04,64.9915492957747
2009-07-05,62.6704225352113
2009-07-06,60.3492957746479
2009-07-07,58.0281690140845
2009-07-08,55.7070422535211
2009-07-09,53.3859154929577
2009-07-10,51.0647887323944
2009-07-11,48.743661971831
2009-07-12,46.4225352112676
2009-07-13,44.1014084507042
2009-07-14,41.7802816901408
2009-07-15,39.4591549295775
2009-07-16,37.1380281690141
2009-07-17,34.8169014084507
2009-07-18,32.4957746478873
2009-07-19,30.1746478873239
2009-07-20,27.8535211267606
2009-07-21,25.5323943661972
2009-07-22,23.2112676056338
2009-07-23,20.8901408450704
2009-07-24,18.569014084507
2009-07-25,16.2478873239437
2009-07-26,13.9267605633803
2009-07-27,11.6056338028169
2009-07-28,9.28450704225353
2009-07-29,6.96338028169015
2009-07-30,4.64225352112675
2009-07-31,2.32112676056338
2009-08-01,0
2009-08-02,0
2009-08-03,0
2009-08-04,0
2009-08-05,0
2009-08-06,0
2009-08-07,0
2009-08-08,0
2009-08-09,0
2009-08-10,0
2009-08-11,0
2009-08-12,0
2009-08-13,0
2009-08-14,0
2009-08-15,0
2009-08-16,0
2009-08-17,0
2009-08-18,0
2009-08-19,0
2009-08-20,0
2009-08-21,0
2009-08-22,0
2009-08-23,0
2009-08-24,0
2009-08-25,0
2009-08-26,0
2009-08-27,0
2009-08-28,0
2009-08-29,0
2009-08-30,0
2009-08-31,0
2009-09-01,0
2009-09-02,0
2009-09-03,0
2009-09-04,0
2009-09-05,0
2009-09-06,0
2009-09-07,0
2009-09-08,0
2009-09-09,0
2009-09-10,0
2009-09-11,0
2009-09-12,0
2009-09-13,0
2009-09-14,0
2009-09-15,0
2009-09-16,0
2009-09-17,0
2009-09-18,0
2009-09-19,0
2009-09-20,0
2009-09-21,0
2009-09-22,0
2009-09-23,0
2009-09-24,0
2009-09-25,0
2009-09-26,0
2009-09-27,0
2009-09-28,0
2009-09-29,0
2009-09-30,0
2009-10-01,0
2009-10-02,0
2009-10-03,0
2009-10-04,0
2009-10-05,0
2009-10-06,0
2009-10-07,0
2009-10-08,0
2009-10-09,0
2009-10-10,0
2009-10-11,0
2009-10-12,0
2009-10-13,0
2009-10-14,0
2009-10-15,0
2009-10-16,0
2009-10-17,0
2009-10-18,0
2009-10-19,0
2009-10-20,0
2009-10-21,0
2009-10-22,0
2009-10-23,0
2009-10-24,0
2009-10-25,0
2009-10-26,0
2009-10-27,0
2009-10-28,0
2009-10-29,0
2009-10-30,0
2009-10-31,0
2009-11-01,2.59761904761905
2009-11-02,5.1952380952381
2009-11-03,7.79285714285714
2009-11-04,10.3904761904762
2009-11-05,12.9880952380952
2009-11-06,15.5857142857143
2009-11-07,18.1833333333333
2009-11-08,20.7809523809524
2009-11-09,23.3785714285714
2009-11-10,25.9761904761905
2009-11-11,28.5738095238095
2009-11-12,31.1714285714286
2009-11-13,33.7690476190476
2009-11-14,36.3666666666667
2009-11-15,38.9642857142857
2009-11-16,41.5619047619048
2009-11-17,44.1595238095238
2009-11-18,46.7571428571429
2009-11-19,49.3547619047619
2009-11-20,51.9523809523809
2009-11-21,54.55
2009-11-22,57.1476190476191
2009-11-23,59.7452380952381
2009-11-24,62.3428571428571
2009-11-25,64.9404761904762
2009-11-26,67.5380952380952
2009-11-27,70.1357142857143
2009-11-28,72.7333333333333
2009-11-29,75.3309523809524
2009-11-30,77.9285714285714
2009-12-01,80.5261904761905
2009-12-02,83.1238095238095
2009-12-03,85.7214285714286
2009-12-04,88.3190476190476
2009-12-05,90.9166666666667
2009-12-06,93.5142857142857
2009-12-07,96.1119047619048
2009-12-08,98.7095238095238
2009-12-09,101.307142857143
2009-12-10,103.904761904762
2009-12-11,106.502380952381
2009-12-12,109.1
2009-12-13,111.697619047619
2009-12-14,114.295238095238
2009-12-15,116.892857142857
2009-12-16,119.490476190476
2009-12-17,122.088095238095
2009-12-18,124.685714285714
2009-12-19,127.283333333333
2009-12-20,129.880952380952
2009-12-21,132.478571428571
2009-12-22,135.07619047619
2009-12-23,137.67380952381
2009-12-24,140.271428571429
2009-12-25,142.869047619048
2009-12-26,145.466666666667
2009-12-27,148.064285714286
2009-12-28,150.661904761905
2009-12-29,153.259523809524
2009-12-30,155.857142857143
2009-12-31,158.454761904762
2010-01-01,161.052380952381
2010-01-02,163.65
2010-01-03,166.247619047619
2010-01-04,168.845238095238
2010-01-05,171.442857142857
2010-01-06,174.040476190476
2010-01-07,176.638095238095
2010-01-08,179.235714285714
2010-01-09,181.833333333333
2010-01-10,184.430952380952
2010-01-11,187.028571428571
2010-01-12,189.62619047619
2010-01-13,192.22380952381
2010-01-14,194.821428571429
2010-01-15,197.419047619048
2010-01-16,200.016666666667
2010-01-17,202.614285714286
2010-01-18,205.211904761905
2010-01-19,207.809523809524
2010-01-20,210.407142857143
2010-01-21,213.004761904762
2010-01-22,215.602380952381
2010-01-23,218.2
2010-01-24,220.797619047619
2010-01-25,223.395238095238
2010-01-26,225.992857142857
2010-01-27,228.590476190476
2010-01-28,231.188095238095
2010-01-29,233.785714285714
2010-01-30,236.383333333333
2010-01-31,238.980952380952
2010-02-01,241.578571428571
2010-02-02,244.17619047619
2010-02-03,246.77380952381
2010-02-04,249.371428571429
2010-02-05,251.969047619048
2010-02-06,254.566666666667
2010-02-07,257.164285714286
2010-02-08,259.761904761905
2010-02-09,262.359523809524
2010-02-10,264.957142857143
2010-02-11,267.554761904762
2010-02-12,270.152380952381
2010-02-13,272.75
2010-02-14,268.4
2010-02-15,265.1
2010-02-16,261.9
2010-02-17,259.3
2010-02-18,261.7
2010-02-19,264.1
2010-02-20,266.5
2010-02-21,268.9
2010-02-22,271.3
2010-02-23,284
2010-02-24,296.7
2010-02-25,303.34
2010-02-26,309.98
2010-02-27,316.62
2010-02-28,323.26
2010-03-01,329.9
2010-03-02,328.225
2010-03-03,326.55
2010-03-04,353.1
2010-03-05,351.5
2010-03-06,349.9
2010-03-07,348.3
2010-03-08,346.7
2010-03-09,345.1
2010-03-10,343.5
2010-03-11,341.9
2010-03-12,340.3
2010-03-13,338.7
2010-03-14,337.1
2010-03-15,335.5
2010-03-16,333.9
2010-03-17,332.3
2010-03-18,330.7
2010-03-19,329.1
2010-03-20,327.5
2010-03-21,325.9
2010-03-22,323.05
2010-03-23,319.9
2010-03-24,316.675
2010-03-25,313.45
2010-03-26,316.05
2010-03-27,318.65
2010-03-28,316.9
2010-03-29,312.5
2010-03-30,323.8
2010-03-31,335.1
2010-04-01,336.9
2010-04-02,338.8
2010-04-03,340.7
2010-04-04,337.3
2010-04-05,340.111538461538
2010-04-06,342.923076923077
2010-04-07,345.734615384615
2010-04-08,348.546153846154
2010-04-09,351.357692307692
2010-04-10,354.169230769231
2010-04-11,356.980769230769
2010-04-12,359.792307692308
2010-04-13,362.603846153846
2010-04-14,365.415384615385
2010-04-15,368.226923076923
2010-04-16,371.038461538462
2010-04-17,373.85
2010-04-18,367.7
2010-04-19,361.5
2010-04-20,363.26
2010-04-21,365.02
2010-04-22,366.78
2010-04-23,368.54
2010-04-24,370.3
2010-04-25,365.8
2010-04-26,359.1
2010-04-27,352.5
2010-04-28,350.55
2010-04-29,348.5
2010-04-30,346.566666666667
2010-05-01,344.633333333333
2010-05-02,342.7
2010-05-03,342.2
2010-05-04,336.683333333333
2010-05-05,331.166666666667
2010-05-06,325.65
2010-05-07,321.475
2010-05-08,317.3
2010-05-09,314.4
2010-05-10,314.3
2010-05-11,314.2
2010-05-12,312.6
2010-05-13,311
2010-05-14,309.4
2010-05-15,307.8
2010-05-16,308.0125
2010-05-17,308.225
2010-05-18,308.4375
2010-05-19,308.65
2010-05-20,300.3
2010-05-21,299.225
2010-05-22,298.15
2010-05-23,297.075
2010-05-24,296
2010-05-25,295.8
2010-05-26,288.992307692308
2010-05-27,282.184615384615
2010-05-28,275.376923076923
2010-05-29,268.569230769231
2010-05-30,261.761538461538
2010-05-31,254.953846153846
2010-06-01,248.146153846154
2010-06-02,241.338461538462
2010-06-03,234.530769230769
2010-06-04,227.723076923077
2010-06-05,220.915384615385
2010-06-06,214.107692307692
2010-06-07,207.3
2010-06-08,200.171428571429
2010-06-09,193.042857142857
2010-06-10,185.914285714286
2010-06-11,178.785714285714
2010-06-12,171.657142857143
2010-06-13,164.528571428571
2010-06-14,157.4
2010-06-15,146.2
2010-06-16,133.9
2010-06-17,131.85
2010-06-18,124.9
2010-06-19,119.7
2010-06-20,113.45
2010-06-21,0
2010-06-22,0
2010-06-23,0
2010-06-24,0
2010-06-25,0
2010-06-26,0
2010-06-27,0
2010-06-28,0
2010-06-29,0
2010-06-30,0
2010-07-01,0
2010-07-02,0
2010-07-03,0
2010-07-04,0
2010-07-05,0
2010-07-06,0
2010-07-07,0
2010-07-08,0
2010-07-09,0
2010-07-10,0
2010-07-11,0
2010-07-12,0
2010-07-13,0
2010-07-14,0
2010-07-15,0
2010-07-16,0
2010-07-17,0
2010-07-18,0
2010-07-19,0
2010-07-20,0
2010-07-21,0
2010-07-22,0
2010-07-23,0
2010-07-24,0
2010-07-25,0
2010-07-26,0
2010-07-27,0
2010-07-28,0
2010-07-29,0
2010-07-30,0
2010-07-31,0
2010-08-01,0
2010-08-02,0
2010-08-03,0
2010-08-04,0
2010-08-05,0
2010-08-06,0
2010-08-07,0
2010-08-08,0
2010-08-09,0
2010-08-10,0
2010-08-11,0
2010-08-12,0
2010-08-13,0
2010-08-14,0
2010-08-15,0
2010-08-16,0
2010-08-17,0
2010-08-18,0
2010-08-19,0
2010-08-20,0
2010-08-21,0
2010-08-22,0
2010-08-23,0
2010-08-24,0
2010-08-25,0
2010-08-26,0
2010-08-27,0
2010-08-28,0
2010-08-29,0
2010-08-30,0
2010-08-31,0
2010-09-01,0
2010-09-02,0
2010-09-03,0
2010-09-04,0
2010-09-05,0
2010-09-06,0
2010-09-07,0
2010-09-08,0
2010-09-09,0
2010-09-10,0
2010-09-11,0
2010-09-12,0
2010-09-13,0
2010-09-14,0
2010-09-15,0
2010-09-16,0
2010-09-17,0
2010-09-18,0
2010-09-19,0
2010-09-20,0
2010-09-21,0
2010-09-22,0
2010-09-23,0
2010-09-24,0
2010-09-25,0
2010-09-26,0
2010-09-27,0
2010-09-28,0
2010-09-29,0
2010-09-30,0
2010-10-01,0.808695652173913
2010-10-02,1.61739130434783
2010-10-03,2.42608695652174
2010-10-04,3.23478260869565
2010-10-05,4.04347826086957
2010-10-06,4.85217391304348
2010-10-07,5.66086956521739
2010-10-08,6.4695652173913
2010-10-09,7.27826086956522
2010-10-10,8.08695652173913
2010-10-11,8.89565217391304
2010-10-12,9.70434782608696
2010-10-13,10.5130434782609
2010-10-14,11.3217391304348
2010-10-15,12.1304347826087
2010-10-16,12.9391304347826
2010-10-17,13.7478260869565
2010-10-18,14.5565217391304
2010-10-19,15.3652173913043
2010-10-20,16.1739130434783
2010-10-21,16.9826086956522
2010-10-22,17.7913043478261
2010-10-23,18.6
2010-10-24,41.65
2010-10-25,17.9
2010-10-26,14.56
2010-10-27,11.22
2010-10-28,7.88
2010-10-29,4.54
2010-10-30,1.2
2010-10-31,1.39375
2010-11-01,1.5875
2010-11-02,1.78125
2010-11-03,1.975
2010-11-04,2.16875
2010-11-05,2.3625
2010-11-06,2.55625
2010-11-07,2.75
2010-11-08,4.7
2010-11-09,2.4
2010-11-10,10.35
2010-11-11,11.9
2010-11-12,7.5
2010-11-13,8.8
2010-11-14,6.4
2010-11-15,4
2010-11-16,3.2
2010-11-17,2.25
2010-11-18,2.65
2010-11-19,3.4
2010-11-20,36.5
2010-11-21,70.7
2010-11-22,69.4
2010-11-23,93
2010-11-24,149.25
2010-11-25,140.2
2010-11-26,133.75
2010-11-27,130.05
2010-11-28,125.2
2010-11-29,121.8
2010-11-30,118.2
2010-12-01,114.7
2010-12-02,111.3
2010-12-03,108.25
2010-12-04,105.7
2010-12-05,103.4
2010-12-06,122.5
2010-12-07,119
2010-12-08,110.9
2010-12-09,114.5
2010-12-10,114.1
2010-12-11,109.8
2010-12-12,107.6
2010-12-13,106.8
2010-12-14,106.2
2010-12-15,132.5
2010-12-16,130.2
2010-12-17,149.45
2010-12-18,210.4
2010-12-19,257.6
2010-12-20,304.75
2010-12-21,310.55
2010-12-22,318.3
2010-12-23,307
2010-12-24,296.85
2010-12-25,289.35
2010-12-26,344.1
2010-12-27,333.2
2010-12-28,323.7
2010-12-29,365.5
2010-12-30,362.3
2010-12-31,351.25
2011-01-01,367.1
2011-01-02,379
2011-01-03,373
2011-01-04,364.5
2011-01-05,358.1
2011-01-06,352.4
2011-01-07,348.3
2011-01-08,344.2
2011-01-09,349.2
2011-01-10,343.1
2011-01-11,341
2011-01-12,335.9
2011-01-13,332.4
2011-01-14,328.5
2011-01-15,326.4
2011-01-16,323.9
2011-01-17,321.35
2011-01-18,318.45
2011-01-19,316.2
2011-01-20,314.6
2011-01-21,312.2
2011-01-22,310.9
2011-01-23,308.7
2011-01-24,307
2011-01-25,305.9
2011-01-26,304.3
2011-01-27,302.5
2011-01-28,301.3
2011-01-29,300.5
2011-01-30,322.3
2011-01-31,321.3
2011-02-01,317.6
2011-02-02,314.5
2011-02-03,311.1
2011-02-04,308.5
2011-02-05,307.1
2011-02-06,305.5
2011-02-07,302.9
2011-02-08,300.6
2011-02-09,300.6
2011-02-10,299.45
2011-02-11,298
2011-02-12,295.75
2011-02-13,291.1
2011-02-14,287.3
2011-02-15,285.1
2011-02-16,289.45
2011-02-17,291.5
2011-02-18,346.1
2011-02-19,374.45
2011-02-20,373
2011-02-21,394.6
2011-02-22,384.5
2011-02-23,381
2011-02-24,379.5
2011-02-25,384.3
2011-02-26,392.1
2011-02-27,384.55
2011-02-28,375.4
2011-03-01,367.2
2011-03-02,375.2
2011-03-03,387.35
2011-03-04,386
2011-03-05,383.1
2011-03-06,393.1
2011-03-07,400
2011-03-08,397.2
2011-03-09,392.85
2011-03-10,389.4
2011-03-11,386.6
2011-03-12,384.5
2011-03-13,382.4
2011-03-14,379.9
2011-03-15,377.4
2011-03-16,375.8
2011-03-17,373.85
2011-03-18,372.6
2011-03-19,379.75
2011-03-20,427.05
2011-03-21,463.4
2011-03-22,466.9
2011-03-23,494.1
2011-03-24,509.75
2011-03-25,502.9
2011-03-26,497.45
2011-03-27,488.9
2011-03-28,479.8
2011-03-29,471.95
2011-03-30,462.7
2011-03-31,453.3
2011-04-01,444.3
2011-04-02,433.3
2011-04-03,426.55
2011-04-04,421
2011-04-05,413.9
2011-04-06,408.3
2011-04-07,408.5
2011-04-08,408.8
2011-04-09,423.4
2011-04-10,418.2
2011-04-11,412
2011-04-12,408.8
2011-04-13,406.2
2011-04-14,407.8
2011-04-15,402.8
2011-04-16,395.85
2011-04-17,391
2011-04-18,387.4
2011-04-19,385.4
2011-04-20,382.1
2011-04-21,383.55
2011-04-22,383.45
2011-04-23,390.7
2011-04-24,387
2011-04-25,382.2
2011-04-26,373.9
2011-04-27,370.55
2011-04-28,367.9
2011-04-29,366.65
2011-04-30,365.2
2011-05-01,363.3
2011-05-02,361.3
2011-05-03,355.8
2011-05-04,350.9
2011-05-05,346.9
2011-05-06,340.6
2011-05-07,337.5
2011-05-08,352.5
2011-05-09,354.9
2011-05-10,355.6
2011-05-11,349.7
2011-05-12,340.8
2011-05-13,335.45
2011-05-14,331.95
2011-05-15,344.5
2011-05-16,334.9
2011-05-17,339.5
2011-05-18,360
2011-05-19,357.6
2011-05-20,350.2
2011-05-21,342.4
2011-05-22,334.7
2011-05-23,332.4
2011-05-24,329.7
2011-05-25,325.1
2011-05-26,324
2011-05-27,321
2011-05-28,319.5
2011-05-29,318.7
2011-05-30,320.2
2011-05-31,318.5
2011-06-01,317.8
2011-06-02,317.2
2011-06-03,314.8
2011-06-04,312.6
2011-06-05,313.95
2011-06-06,313.6
2011-06-07,309.1
2011-06-08,303.15
2011-06-09,295.9
2011-06-10,291.1
2011-06-11,285.4
2011-06-12,277.4
2011-06-13,271.25
2011-06-14,261.65
2011-06-15,254.1
2011-06-16,239.3
2011-06-17,231.2
2011-06-18,224
2011-06-19,215.5
2011-06-20,209.45
2011-06-21,201.8
2011-06-22,188.4
2011-06-23,174.9
2011-06-24,166.4
2011-06-25,156.95
2011-06-26,151.7
2011-06-27,141.3
2011-06-28,132.4
2011-06-29,130.1
2011-06-30,127.95
2011-07-01,120.9
2011-07-02,112.4
2011-07-03,96.75
2011-07-04,84.1
2011-07-05,74.8
2011-07-06,65.55
2011-07-07,53.4
2011-07-08,42.6
2011-07-09,28.65
2011-07-10,21.65
2011-07-11,20.6659090909091
2011-07-12,19.6818181818182
2011-07-13,18.6977272727273
2011-07-14,17.7136363636364
2011-07-15,16.7295454545455
2011-07-16,15.7454545454545
2011-07-17,14.7613636363636
2011-07-18,13.7772727272727
2011-07-19,12.7931818181818
2011-07-20,11.8090909090909
2011-07-21,10.825
2011-07-22,9.84090909090909
2011-07-23,8.85681818181818
2011-07-24,7.87272727272727
2011-07-25,6.88863636363636
2011-07-26,5.90454545454545
2011-07-27,4.92045454545455
2011-07-28,3.93636363636364
2011-07-29,2.95227272727273
2011-07-30,1.96818181818182
2011-07-31,0.984090909090908
2011-08-01,0
2011-08-02,0
2011-08-03,0
2011-08-04,0
2011-08-05,0
2011-08-06,0
2011-08-07,0
2011-08-08,0
2011-08-09,0
2011-08-10,0
2011-08-11,0
2011-08-12,0
2011-08-13,0
2011-08-14,0
2011-08-15,0
2011-08-16,0
2011-08-17,0
2011-08-18,0
2011-08-19,0
2011-08-20,0
2011-08-21,0
2011-08-22,0
2011-08-23,0
2011-08-24,0
2011-08-25,0
2011-08-26,0
2011-08-27,0
2011-08-28,0
2011-08-29,0
2011-08-30,0
2011-08-31,0
2011-09-01,0
2011-09-02,0
2011-09-03,0
2011-09-04,0
2011-09-05,0
2011-09-06,0
2011-09-07,0
2011-09-08,0
2011-09-09,0
2011-09-10,0
2011-09-11,0
2011-09-12,0
2011-09-13,0
2011-09-14,0
2011-09-15,0
2011-09-16,0
2011-09-17,0
2011-09-18,0
2011-09-19,0
2011-09-20,0
2011-09-21,0
2011-09-22,0
2011-09-23,0
2011-09-24,0
2011-09-25,0
2011-09-26,0
2011-09-27,0
2011-09-28,0
2011-09-29,0
2011-09-30,0
2011-10-01,6.04
2011-10-02,12.08
2011-10-03,18.12
2011-10-04,24.16
2011-10-05,30.2
2011-10-06,40.95
2011-10-07,35.1
2011-10-08,31.8
2011-10-09,28.5
2011-10-10,25.2
2011-10-11,18.9
2011-10-12,14.35
2011-10-13,11.9
2011-10-14,6.9
2011-10-15,7.09523809523809
2011-10-16,7.29047619047619
2011-10-17,7.48571428571429
2011-10-18,7.68095238095238
2011-10-19,7.87619047619048
2011-10-20,8.07142857142857
2011-10-21,8.26666666666667
2011-10-22,8.46190476190476
2011-10-23,8.65714285714286
2011-10-24,8.85238095238095
2011-10-25,9.04761904761905
2011-10-26,9.24285714285714
2011-10-27,9.43809523809524
2011-10-28,9.63333333333333
2011-10-29,9.82857142857143
2011-10-30,10.0238095238095
2011-10-31,10.2190476190476
2011-11-01,10.4142857142857
2011-11-02,10.6095238095238
2011-11-03,10.8047619047619
2011-11-04,11
2011-11-05,44.9
2011-11-06,51.6
2011-11-07,48.2
2011-11-08,45.95
2011-11-09,43.2
2011-11-10,40.55
2011-11-11,40.4
2011-11-12,42.85
2011-11-13,40.3
2011-11-14,37.7
2011-11-15,37.3
2011-11-16,36.25
2011-11-17,35.2
2011-11-18,34.7
2011-11-19,33.45
2011-11-20,57.9
2011-11-21,54.9
2011-11-22,50.9
2011-11-23,33.9
2011-11-24,32.3
2011-11-25,32
2011-11-26,31.5
2011-11-27,30.4
2011-11-28,28.8
2011-11-29,28.1
2011-11-30,28.6
2011-12-01,29.4
2011-12-02,29.4
2011-12-03,29.45
2011-12-04,29.9
2011-12-05,29.4
2011-12-06,29.55
2011-12-07,30.1
2011-12-08,29.9
2011-12-09,29.9
2011-12-10,28.9
2011-12-11,29.6
2011-12-12,29.6
2011-12-13,29.5
2011-12-14,28.5
2011-12-15,30.05
2011-12-16,30.15
2011-12-17,29.8
2011-12-18,29.6
2011-12-19,30.3
2011-12-20,29.9
2011-12-21,29.85
2011-12-22,30
2011-12-23,29.7
2011-12-24,29.2
2011-12-25,28.4
2011-12-26,28.35
2011-12-27,27.6
2011-12-28,26.5
2011-12-29,25.9
2011-12-30,24.8
2011-12-31,24.55
2012-01-01,24.85
2012-01-02,24.3
2012-01-03,23.85
2012-01-04,22.75
2012-01-05,22.15
2012-01-06,21.8
2012-01-07,22.2
2012-01-08,21.95
2012-01-09,21
2012-01-10,20.3
2012-01-11,20.75
2012-01-12,20.5
2012-01-13,20.3
2012-01-14,19.5
2012-01-15,19.6
2012-01-16,19
2012-01-17,18.75
2012-01-18,18.25
2012-01-19,18.2
2012-01-20,26.3
2012-01-21,63.3
2012-01-22,79.8
2012-01-23,128
2012-01-24,122.7
2012-01-25,117.8
2012-01-26,115.2
2012-01-27,112
2012-01-28,110.1
2012-01-29,108.2
2012-01-30,107.3
2012-01-31,105.55
2012-02-01,104.9
2012-02-02,103.65
2012-02-03,102
2012-02-04,101.6
2012-02-05,101.2
2012-02-06,100.5
2012-02-07,100.5
2012-02-08,101.2
2012-02-09,100.15
2012-02-10,99
2012-02-11,97.1
2012-02-12,98.7
2012-02-13,117.6
2012-02-14,114.9
2012-02-15,137.65
2012-02-16,134.45
2012-02-17,129
2012-02-18,126.5
2012-02-19,123.25
2012-02-20,121.2
2012-02-21,118.8
2012-02-22,116.3
2012-02-23,114.8
2012-02-24,113.4
2012-02-25,112.95
2012-02-26,112.1
2012-02-27,120.75
2012-02-28,130.3
2012-02-29,138.75
2012-03-01,175.25
2012-03-02,169.55
2012-03-03,165
2012-03-04,161.05
2012-03-05,158.85
2012-03-06,158.4
2012-03-07,157.7
2012-03-08,154.65
2012-03-09,152.3
2012-03-10,151.1
2012-03-11,150.7
2012-03-12,149.55
2012-03-13,149.3
2012-03-14,147.5
2012-03-15,147.9
2012-03-16,149.45
2012-03-17,216.75
2012-03-18,253.6
2012-03-19,247.6
2012-03-20,236.9
2012-03-21,228.4
2012-03-22,220.8
2012-03-23,216.05
2012-03-24,212.05
2012-03-25,212.2
2012-03-26,215.1
2012-03-27,209.8
2012-03-28,220.05
2012-03-29,243.5
2012-03-30,234.3
2012-03-31,228.7
2012-04-01,245.1
2012-04-02,240.55
2012-04-03,236.9
2012-04-04,231.8
2012-04-05,230.1
2012-04-06,231.1
2012-04-07,228
2012-04-08,225.55
2012-04-09,222.05
2012-04-10,218.5
2012-04-11,219.4
2012-04-12,232.1
2012-04-13,273.6
2012-04-14,275.95
2012-04-15,267.3
2012-04-16,258.7
2012-04-17,250.2
2012-04-18,239.4
2012-04-19,231.55
2012-04-20,221.55
2012-04-21,211.55
2012-04-22,203.6
2012-04-23,196.95
2012-04-24,189.4
2012-04-25,185.6
2012-04-26,186.4
2012-04-27,183.7
2012-04-28,179.2
2012-04-29,173.4
2012-04-30,170.5
2012-05-01,162
2012-05-02,156.1
2012-05-03,152.65
2012-05-04,149.9
2012-05-05,146.25
2012-05-06,143.4
2012-05-07,139.4
2012-05-08,134.5
2012-05-09,128.5
2012-05-10,122.9
2012-05-11,115.75
2012-05-12,109
2012-05-13,100.1
2012-05-14,93.5
2012-05-15,85.9
2012-05-16,77.5
2012-05-17,68.15
2012-05-18,58.8
2012-05-19,51.4
2012-05-20,43.4
2012-05-21,42.8054794520548
2012-05-22,42.2109589041096
2012-05-23,41.6164383561644
2012-05-24,41.0219178082192
2012-05-25,40.427397260274
2012-05-26,39.8328767123288
2012-05-27,39.2383561643836
2012-05-28,38.6438356164384
2012-05-29,38.0493150684932
2012-05-30,37.4547945205479
2012-05-31,36.8602739726027
2012-06-01,36.2657534246575
2012-06-02,35.6712328767123
2012-06-03,35.0767123287671
2012-06-04,34.4821917808219
2012-06-05,33.8876712328767
2012-06-06,33.2931506849315
2012-06-07,32.6986301369863
2012-06-08,32.1041095890411
2012-06-09,31.5095890410959
2012-06-10,30.9150684931507
2012-06-11,30.3205479452055
2012-06-12,29.7260273972603
2012-06-13,29.1315068493151
2012-06-14,28.5369863013699
2012-06-15,27.9424657534247
2012-06-16,27.3479452054795
2012-06-17,26.7534246575342
2012-06-18,26.158904109589
2012-06-19,25.5643835616438
2012-06-20,24.9698630136986
2012-06-21,24.3753424657534
2012-06-22,23.7808219178082
2012-06-23,23.186301369863
2012-06-24,22.5917808219178
2012-06-25,21.9972602739726
2012-06-26,21.4027397260274
2012-06-27,20.8082191780822
2012-06-28,20.213698630137
2012-06-29,19.6191780821918
2012-06-30,19.0246575342466
2012-07-01,18.4301369863014
2012-07-02,17.8356164383562
2012-07-03,17.241095890411
2012-07-04,16.6465753424658
2012-07-05,16.0520547945205
2012-07-06,15.4575342465753
2012-07-07,14.8630136986301
2012-07-08,14.2684931506849
2012-07-09,13.6739726027397
2012-07-10,13.0794520547945
2012-07-11,12.4849315068493
2012-07-12,11.8904109589041
2012-07-13,11.2958904109589
2012-07-14,10.7013698630137
2012-07-15,10.1068493150685
2012-07-16,9.51232876712329
2012-07-17,8.91780821917808
2012-07-18,8.32328767123288
2012-07-19,7.72876712328767
2012-07-20,7.13424657534247
2012-07-21,6.53972602739726
2012-07-22,5.94520547945205
2012-07-23,5.35068493150685
2012-07-24,4.75616438356164
2012-07-25,4.16164383561644
2012-07-26,3.56712328767123
2012-07-27,2.97260273972603
2012-07-28,2.37808219178082
2012-07-29,1.78356164383562
2012-07-30,1.18904109589041
2012-07-31,0.594520547945208
2012-08-01,0
2012-08-02,0
2012-08-03,0
2012-08-04,0
2012-08-05,0
2012-08-06,0
2012-08-07,0
2012-08-08,0
2012-08-09,0
2012-08-10,0
2012-08-11,0
2012-08-12,0
2012-08-13,0
2012-08-14,0
2012-08-15,0
2012-08-16,0
2012-08-17,0
2012-08-18,0
2012-08-19,0
2012-08-20,0
2012-08-21,0
2012-08-22,0
2012-08-23,0
2012-08-24,0
2012-08-25,0
2012-08-26,0
2012-08-27,0
2012-08-28,0
2012-08-29,0
2012-08-30,0
2012-08-31,0
2012-09-01,0
2012-09-02,0
2012-09-03,0
2012-09-04,0
2012-09-05,0
2012-09-06,0
2012-09-07,0
2012-09-08,0
2012-09-09,0
2012-09-10,0
2012-09-11,0
2012-09-12,0
2012-09-13,0
2012-09-14,0
2012-09-15,0
2012-09-16,0
2012-09-17,0
2012-09-18,0
2012-09-19,0
2012-09-20,0
2012-09-21,0
2012-09-22,0
2012-09-23,0
2012-09-24,0
2012-09-25,0
2012-09-26,0
2012-09-27,0
2012-09-28,0
2012-09-29,0
2012-09-30,0
2012-10-01,0.495454545454545
2012-10-02,0.990909090909091
2012-10-03,1.48636363636364
2012-10-04,1.98181818181818
2012-10-05,2.47727272727273
2012-10-06,2.97272727272727
2012-10-07,3.46818181818182
2012-10-08,3.96363636363636
2012-10-09,4.45909090909091
2012-10-10,4.95454545454545
2012-10-11,5.45
2012-10-12,9.2
2012-10-13,11.405
2012-10-14,13.61
2012-10-15,15.815
2012-10-16,18.02
2012-10-17,20.225
2012-10-18,22.43
2012-10-19,24.635
2012-10-20,26.84
2012-10-21,29.045
2012-10-22,31.25
2012-10-23,43.25
2012-10-24,44.425
2012-10-25,45.6
2012-10-26,42.6
2012-10-27,45.2666666666667
2012-10-28,47.9333333333333
2012-10-29,50.6
2012-10-30,49.3
2012-10-31,49.5
2012-11-01,47.7
2012-11-02,43.7
2012-11-03,46.3
2012-11-04,45.45
2012-11-05,44.6
2012-11-06,41.5
2012-11-07,39.35
2012-11-08,41.2
2012-11-09,55.4
2012-11-10,64.45
2012-11-11,59.75
2012-11-12,56.3
2012-11-13,54.85
2012-11-14,53.4
2012-11-15,52.3
2012-11-16,64.85
2012-11-17,77.5
2012-11-18,85.8
2012-11-19,86.9
2012-11-20,84.6
2012-11-21,83.9
2012-11-22,81.5
2012-11-23,79.85
2012-11-24,79.1
2012-11-25,78.5
2012-11-26,77.1
2012-11-27,77.2
2012-11-28,80
2012-11-29,90.3
2012-11-30,131.7
2012-12-01,139.1
2012-12-02,164.9
2012-12-03,169.6
2012-12-04,168
2012-12-05,167
2012-12-06,168.7
2012-12-07,165.65
2012-12-08,163.6
2012-12-09,161.5
2012-12-10,160.1
2012-12-11,159.6
2012-12-12,160.7
2012-12-13,197
2012-12-14,222.4
2012-12-15,227.9
2012-12-16,234.4
2012-12-17,228.5
2012-12-18,237.2
2012-12-19,232
2012-12-20,220.4
2012-12-21,216.1
2012-12-22,244.2
2012-12-23,247.75
2012-12-24,268
2012-12-25,265.1
2012-12-26,315.8
2012-12-27,314.5
2012-12-28,304.95
2012-12-29,304.5
2012-12-30,304.6
2012-12-31,300.9
2013-01-01,294.1
2013-01-02,288.5
2013-01-03,284.2
2013-01-04,279.9
2013-01-05,281.2
2013-01-06,295.7
2013-01-07,290.5
2013-01-08,286.7
2013-01-09,283.7
2013-01-10,296.3
2013-01-11,291.3
2013-01-12,288.7
2013-01-13,285.7
2013-01-14,283.1
2013-01-15,280
2013-01-16,278
2013-01-17,276.3
2013-01-18,274.5
2013-01-19,273.1
2013-01-20,270.85
2013-01-21,269.5
2013-01-22,268.15
2013-01-23,266.5
2013-01-24,277.5
2013-01-25,278.8
2013-01-26,278.1
2013-01-27,285.7
2013-01-28,283
2013-01-29,279.1
2013-01-30,277.3
2013-01-31,275.05
2013-02-01,274.4
2013-02-02,272.65
2013-02-03,271.35
2013-02-04,270.3
2013-02-05,268
2013-02-06,266
2013-02-07,265
2013-02-08,268.65
2013-02-09,271.1
2013-02-10,268.8
2013-02-11,267.15
2013-02-12,266.2
2013-02-13,265.6
2013-02-14,264.05
2013-02-15,263.1
2013-02-16,262.1
2013-02-17,259.95
2013-02-18,259
2013-02-19,259.6
2013-02-20,269.15
2013-02-21,270.25
2013-02-22,267.8
2013-02-23,264.1
2013-02-24,262.6
2013-02-25,261.35
2013-02-26,259.6
2013-02-27,258.6
2013-02-28,258.5
2013-03-01,257.5
2013-03-02,256.25
2013-03-03,270.5
2013-03-04,277.4
2013-03-05,269.5
2013-03-06,279.6
2013-03-07,292.1
2013-03-08,307.4
2013-03-09,307.8
2013-03-10,302.8
2013-03-11,297.2
2013-03-12,291.7
2013-03-13,286.7
2013-03-14,279.4
2013-03-15,276
2013-03-16,273.5
2013-03-17,271.5
2013-03-18,270.5
2013-03-19,271.9
2013-03-20,287
2013-03-21,282.1
2013-03-22,281.05
2013-03-23,279.6
2013-03-24,277.3
2013-03-25,275.8
2013-03-26,273.95
2013-03-27,271.95
2013-03-28,270.5
2013-03-29,267.35
2013-03-30,263.8
2013-03-31,272.25
2013-04-01,286.3
2013-04-02,280.95
2013-04-03,276.7
2013-04-04,274.4
2013-04-05,272.6
2013-04-06,269.8
2013-04-07,266.8
2013-04-08,265
2013-04-09,264
2013-04-10,262.4
2013-04-11,258.6
2013-04-12,254.5
2013-04-13,250.6
2013-04-14,244.1
2013-04-15,242.8
2013-04-16,248.3
2013-04-17,252.9
2013-04-18,245.8
2013-04-19,241.85
2013-04-20,236.95
2013-04-21,232.05
2013-04-22,225.8
2013-04-23,221.3
2013-04-24,215
2013-04-25,210.1
2013-04-26,203.95
2013-04-27,198.65
2013-04-28,191.7
2013-04-29,186
2013-04-30,179.65
2013-05-01,174.55
2013-05-02,170
2013-05-03,165.8
2013-05-04,162.8
2013-05-05,159.35
2013-05-06,159.6
2013-05-07,160.35
2013-05-08,159.2
2013-05-09,155.9
2013-05-10,151.4
2013-05-11,143.9
2013-05-12,137.4
2013-05-13,129.6
2013-05-14,120.95
2013-05-15,114.5
2013-05-16,111.7
2013-05-17,108.7
2013-05-18,103.85
2013-05-19,95.3
2013-05-20,89.35
2013-05-21,82.7
2013-05-22,79.3
2013-05-23,76.6
2013-05-24,72
2013-05-25,65.9
2013-05-26,60.8
2013-05-27,54.7
2013-05-28,49.6
2013-05-29,42.45
2013-05-30,35.1
2013-05-31,23.1
2013-06-01,11.8
2013-06-02,3.8
2013-06-03,3.15
2013-06-04,2.9
2013-06-05,2.75
2013-06-06,2.45
2013-06-07,1.8
2013-06-08,2.2
2013-06-09,2.9
2013-06-10,3.9
2013-06-11,3.1
2013-06-12,3.3
2013-06-13,3.5
2013-06-14,3.7
2013-06-15,4
2013-06-16,3.6
2013-06-17,3.3
2013-06-18,3.65
2013-06-19,3.95
2013-06-20,4.1
2013-06-21,3.9
2013-06-22,3.6
2013-06-23,3.7
2013-06-24,4.7
2013-06-25,3.8
2013-06-26,3.3
2013-06-27,3
2013-06-28,3.05
2013-06-29,3.25
2013-06-30,2.8
2013-07-01,3.1
2013-07-02,2.9
2013-07-03,3.3
2013-07-04,2.8
2013-07-05,3.8
2013-07-06,3.15
2013-07-07,3.75
2013-07-08,3.3
2013-07-09,4
2013-07-10,3.4
2013-07-11,4.15
2013-07-12,3.95
2013-07-13,3.35
2013-07-14,3.6
2013-07-15,3.6
2013-07-16,3.6
2013-07-17,2.6
2013-07-18,2.8
2013-07-19,2.6
2013-07-20,2.7
2013-07-21,3.1
2013-07-22,3.5
2013-07-23,3.85
2013-07-24,3.4
2013-07-25,3.4
2013-07-26,3.1
2013-07-27,3
2013-07-28,3.05
2013-07-29,3.6
2013-07-30,2.9
2013-07-31,3.05
2013-08-01,0
2013-08-02,0
2013-08-03,0
2013-08-04,0
2013-08-05,0
2013-08-06,0
2013-08-07,0
2013-08-08,0
2013-08-09,0
2013-08-10,0
2013-08-11,0
2013-08-12,0
2013-08-13,0
2013-08-14,0
2013-08-15,0
2013-08-16,0
2013-08-17,0
2013-08-18,0
2013-08-19,0
2013-08-20,0
2013-08-21,0
2013-08-22,0
2013-08-23,0
2013-08-24,0
2013-08-25,0
2013-08-26,0
2013-08-27,0
2013-08-28,0
2013-08-29,0
2013-08-30,0
2013-08-31,0
2013-09-01,0
2013-09-02,0
2013-09-03,0
2013-09-04,0
2013-09-05,0
2013-09-06,0
2013-09-07,0
2013-09-08,0
2013-09-09,0
2013-09-10,0
2013-09-11,0
2013-09-12,0
2013-09-13,0
2013-09-14,0
2013-09-15,0
2013-09-16,0
2013-09-17,0
2013-09-18,0
2013-09-19,0
2013-09-20,0
2013-09-21,0
2013-09-22,0
2013-09-23,0
2013-09-24,0
2013-09-25,0
2013-09-26,0
2013-09-27,0
2013-09-28,0
2013-09-29,0
2013-09-30,0
2013-10-01,6.1
2013-10-02,5.7
2013-10-03,5.9
2013-10-04,6.1
2013-10-05,5.4
2013-10-06,4.7
2013-10-07,5.7
2013-10-08,5.85
2013-10-09,10.3
2013-10-10,6.75
2013-10-11,5.8
2013-10-12,5.95
2013-10-13,6
2013-10-14,5.45
2013-10-15,6
2013-10-16,5.15
2013-10-17,5.5
2013-10-18,5.25
2013-10-19,5.2
2013-10-20,5.6
2013-10-21,5.1
2013-10-22,5.45
2013-10-23,5.5
2013-10-24,5.35
2013-10-25,5.6
2013-10-26,4.95
2013-10-27,5.7
2013-10-28,30.8
2013-10-29,26.9
2013-10-30,23.5
2013-10-31,22.1
2013-11-01,18.6
2013-11-02,17.25
2013-11-03,16.5
2013-11-04,16.85
2013-11-05,17.05
2013-11-06,16.2
2013-11-07,14.7
2013-11-08,13.9
2013-11-09,13.7
2013-11-10,12.5
2013-11-11,10.55
2013-11-12,10.1
2013-11-13,10.1
2013-11-14,9.2
2013-11-15,8.75
2013-11-16,9.1
2013-11-17,9.6
2013-11-18,9.3
2013-11-19,8.8
2013-11-20,18.3
2013-11-21,27.5
2013-11-22,30.85
2013-11-23,29.5
2013-11-24,27.95
2013-11-25,26.4
2013-11-26,26.05
2013-11-27,25.65
2013-11-28,25.95
2013-11-29,25.85
2013-11-30,25.25
2013-12-01,24.6
2013-12-02,24.7
2013-12-03,40.6
2013-12-04,41.3
2013-12-05,40.5
2013-12-06,40.85
2013-12-07,70.5
2013-12-08,104.55
2013-12-09,99.1
2013-12-10,94.7
2013-12-11,91.7
2013-12-12,89.35
2013-12-13,86.8
2013-12-14,84.85
2013-12-15,83.2
2013-12-16,83.2
2013-12-17,80.7
2013-12-18,79.9
2013-12-19,84.1
2013-12-20,84.35
2013-12-21,82.8
2013-12-22,81.3
2013-12-23,80.7
2013-12-24,80.45
2013-12-25,79.9
2013-12-26,78.7
2013-12-27,78.3
2013-12-28,78
2013-12-29,79.05
2013-12-30,78.4
2013-12-31,78.25
2014-01-01,77.6
2014-01-02,77.2
2014-01-03,77.15
2014-01-04,76.65
2014-01-05,76.3
2014-01-06,76.2
2014-01-07,76.7
2014-01-08,76.05
2014-01-09,76.2
2014-01-10,75.5
2014-01-11,76
2014-01-12,78.1
2014-01-13,76.8
2014-01-14,77.15
2014-01-15,77.2
2014-01-16,76.8
2014-01-17,76.2
2014-01-18,76.1
2014-01-19,76.1
2014-01-20,76.7
2014-01-21,76.05
2014-01-22,76.7
2014-01-23,76.8
2014-01-24,76.35
2014-01-25,76.8
2014-01-26,76.3
2014-01-27,76.2
2014-01-28,73.2
2014-01-29,72.2
2014-01-30,90.2
2014-01-31,104.3
2014-02-01,105.7
2014-02-02,109.05
2014-02-03,114.3
2014-02-04,116.45
2014-02-05,115.3
2014-02-06,132
2014-02-07,141.5
2014-02-08,164.2
2014-02-09,164.3
2014-02-10,162.5
2014-02-11,159.4
2014-02-12,156.6
2014-02-13,153.95
2014-02-14,152.2
2014-02-15,151.4
2014-02-16,170.9
2014-02-17,167.2
2014-02-18,164.05
2014-02-19,152.5
2014-02-20,151.6
2014-02-21,151.1
2014-02-22,149.7
2014-02-23,149.1
2014-02-24,147.45
2014-02-25,147.15
2014-02-26,147.4
2014-02-27,162.6
2014-02-28,186.6
2014-03-01,214
2014-03-02,216.9
2014-03-03,212.9
2014-03-04,211
2014-03-05,207.2
2014-03-06,205.1
2014-03-07,202
2014-03-08,198.7
2014-03-09,197.05
2014-03-10,199.45
2014-03-11,198.9
2014-03-12,197.65
2014-03-13,196.6
2014-03-14,193.7
2014-03-15,190.2
2014-03-16,188.1
2014-03-17,186.2
2014-03-18,183.65
2014-03-19,182.4
2014-03-20,181
2014-03-21,178.6
2014-03-22,174.6
2014-03-23,171.8
2014-03-24,168.8
2014-03-25,168.8
2014-03-26,174.7
2014-03-27,175.2
2014-03-28,191
2014-03-29,188.65
2014-03-30,205
2014-03-31,202
2014-04-01,231.3
2014-04-02,236.05
2014-04-03,231.45
2014-04-04,227.6
2014-04-05,221.65
2014-04-06,216.6
2014-04-07,210.45
2014-04-08,204.85
2014-04-09,200.9
2014-04-10,195.3
2014-04-11,188.5
2014-04-12,184.5
2014-04-13,179.85
2014-04-14,176.2
2014-04-15,172.65
2014-04-16,168.1
2014-04-17,162.4
2014-04-18,156
2014-04-19,152.4
2014-04-20,145
2014-04-21,140.8
2014-04-22,139.7
2014-04-23,137.3
2014-04-24,133.05
2014-04-25,161.7
2014-04-26,183.5
2014-04-27,179.5
2014-04-28,172.6
2014-04-29,163.1
2014-04-30,156.4
2014-05-01,148.8
2014-05-02,142.1
2014-05-03,138.2
2014-05-04,131.6
2014-05-05,128.8
2014-05-06,127.7
2014-05-07,128.6
2014-05-08,125.3
2014-05-09,122.5
2014-05-10,118.3
2014-05-11,115.3
2014-05-12,109.5
2014-05-13,104.1
2014-05-14,96.5
2014-05-15,88.8
2014-05-16,82.85
2014-05-17,74.6
2014-05-18,71.6
2014-05-19,67
2014-05-20,63.4
2014-05-21,61.6
2014-05-22,62.5
2014-05-23,57.6
2014-05-24,45.6
2014-05-25,32.45
2014-05-26,16.4
2014-05-27,5.95
2014-05-28,5
2014-05-29,5.2
2014-05-30,5.2
2014-05-31,5.7
2014-06-01,5
2014-06-02,5
2014-06-03,5
2014-06-04,4.9
2014-06-05,5
2014-06-06,4.5
2014-06-07,4.5
2014-06-08,4.6
2014-06-09,5
2014-06-10,4.7
2014-06-11,5.2
2014-06-12,5.7
2014-06-13,5.3
2014-06-14,5.4
2014-06-15,6
2014-06-16,5.7
2014-06-17,5.5
2014-06-18,4.8
2014-06-19,5.15
2014-06-20,5.05
2014-06-21,4.9
2014-06-22,4.75
2014-06-23,5
2014-06-24,5
2014-06-25,5.3
2014-06-26,6.2
2014-06-27,5.6
2014-06-28,4.55
2014-06-29,3.8
2014-06-30,3.2
2014-07-01,4.3
2014-07-02,4.3
2014-07-03,4.65
2014-07-04,4.95
2014-07-05,4.9
2014-07-06,3.6
2014-07-07,4.5
2014-07-08,4.4
2014-07-09,5.05
2014-07-10,4.6
2014-07-11,4.8
2014-07-12,3.95
2014-07-13,4.7
2014-07-14,3.95
2014-07-15,4.65
2014-07-16,4.2
2014-07-17,3.85
2014-07-18,4.45
2014-07-19,4.2
2014-07-20,4.7
2014-07-21,4.95
2014-07-22,4.6
2014-07-23,4.6
2014-07-24,4.1
2014-07-25,4.65
2014-07-26,4.6
2014-07-27,4.1
2014-07-28,4.4
2014-07-29,3.9
2014-07-30,4.4
2014-07-31,4.3
2014-08-01,0
2014-08-02,0
2014-08-03,0
2014-08-04,0
2014-08-05,0
2014-08-06,0
2014-08-07,0
2014-08-08,0
2014-08-09,0
2014-08-10,0
2014-08-11,0
2014-08-12,0
2014-08-13,0
2014-08-14,0
2014-08-15,0
2014-08-16,0
2014-08-17,0
2014-08-18,0
2014-08-19,0
2014-08-20,0
2014-08-21,0
2014-08-22,0
2014-08-23,0
2014-08-24,0
2014-08-25,0
2014-08-26,0
2014-08-27,0
2014-08-28,0
2014-08-29,0
2014-08-30,0
2014-08-31,0
2014-09-01,0
2014-09-02,0
2014-09-03,0
2014-09-04,0
2014-09-05,0
2014-09-06,0
2014-09-07,0
2014-09-08,0
2014-09-09,0
2014-09-10,0
2014-09-11,0
2014-09-12,0
2014-09-13,0
2014-09-14,0
2014-09-15,0
2014-09-16,0
2014-09-17,0
2014-09-18,0
2014-09-19,0
2014-09-20,0
2014-09-21,0
2014-09-22,0
2014-09-23,0
2014-09-24,0
2014-09-25,0
2014-09-26,0
2014-09-27,0
2014-09-28,0
2014-09-29,0
2014-09-30,0
2014-10-01,5.5
2014-10-02,5
2014-10-03,4.5
2014-10-04,5.6
2014-10-05,4.65
2014-10-06,4.95
2014-10-07,5
2014-10-08,5.1
2014-10-09,5.4
2014-10-10,5.1
2014-10-11,5.05
2014-10-12,5.1
2014-10-13,4.8
2014-10-14,5.5
2014-10-15,5.9
2014-10-16,4.95
2014-10-17,5.25
2014-10-18,5.1
2014-10-19,5.2
2014-10-20,5.4
2014-10-21,5.4
2014-10-22,5.2
2014-10-23,5.75
2014-10-24,5.5
2014-10-25,5.8
2014-10-26,5.5
2014-10-27,5.45
2014-10-28,5.6
2014-10-29,5.4
2014-10-30,5.5
2014-10-31,5.8
2014-11-01,36.9
2014-11-02,34.05
2014-11-03,31.9
2014-11-04,29.55
2014-11-05,26.7
2014-11-06,24
2014-11-07,20.9
2014-11-08,18.3
2014-11-09,16.4
2014-11-10,15.25
2014-11-11,14.5
2014-11-12,14.8
2014-11-13,16.3
2014-11-14,15.8
2014-11-15,15.6
2014-11-16,15.6
2014-11-17,14.95
2014-11-18,15.3
2014-11-19,15.8
2014-11-20,17
2014-11-21,18.6
2014-11-22,19.9
2014-11-23,19.3
2014-11-24,18.75
2014-11-25,18.3
2014-11-26,17.8
2014-11-27,17
2014-11-28,15.65
2014-11-29,15.6
2014-11-30,15.4
2014-12-01,19.5
2014-12-02,31.4
2014-12-03,37.5
2014-12-04,39.1
2014-12-05,39.8
2014-12-06,40.8
2014-12-07,39.9
2014-12-08,38.8
2014-12-09,38.4
2014-12-10,37.6
2014-12-11,31.3
2014-12-12,54.9
2014-12-13,56.1
2014-12-14,54.1
2014-12-15,52.9
2014-12-16,83.85
2014-12-17,80.6
2014-12-18,75.8
2014-12-19,81.8
2014-12-20,97.35
2014-12-21,94.7
2014-12-22,91.2
2014-12-23,88.8
2014-12-24,88.3
2014-12-25,85.4
2014-12-26,85
2014-12-27,84.2
2014-12-28,84.1
2014-12-29,83.3
2014-12-30,89.4
2014-12-31,88.25
2015-01-01,87.4
2015-01-02,87.7
2015-01-03,86.6
2015-01-04,86.8
2015-01-05,86.7
2015-01-06,86.2
2015-01-07,85.7
2015-01-08,85.45
2015-01-09,84.9
2015-01-10,84.1
2015-01-11,84.35
2015-01-12,84.9
2015-01-13,85.2
2015-01-14,85.1
2015-01-15,84.3
2015-01-16,82.7
2015-01-17,83.3
2015-01-18,83.55
2015-01-19,82.7
2015-01-20,82.9
2015-01-21,82.7
2015-01-22,82.3
2015-01-23,82.6
2015-01-24,82.05
2015-01-25,81.6
2015-01-26,81.8
2015-01-27,84.65
2015-01-28,84.95
2015-01-29,83.25
2015-01-30,83.25
2015-01-31,83.8
2015-02-01,83.2
2015-02-02,82.95
2015-02-03,82.95
2015-02-04,81.9
2015-02-05,81.7
2015-02-06,81
2015-02-07,100.25
2015-02-08,101.15
2015-02-09,108.5
2015-02-10,108
2015-02-11,107.5
2015-02-12,105.9
2015-02-13,105.2
2015-02-14,104.2
2015-02-15,103.7
2015-02-16,102.3
2015-02-17,101.9
2015-02-18,101.4
2015-02-19,100.45
2015-02-20,99.9
2015-02-21,100
2015-02-22,106.55
2015-02-23,119.8
2015-02-24,115.3
2015-02-25,110.4
2015-02-26,108.6
2015-02-27,108.6
2015-02-28,126.6
2015-03-01,125.8
2015-03-02,133
2015-03-03,130.5
2015-03-04,128.45
2015-03-05,126.6
2015-03-06,124.6
2015-03-07,122.35
2015-03-08,120.65
2015-03-09,118.95
2015-03-10,117.7
2015-03-11,126.4
2015-03-12,125.2
2015-03-13,122.2
2015-03-14,118.4
2015-03-15,116.85
2015-03-16,111.9
2015-03-17,110
2015-03-18,106.45
2015-03-19,104.7
2015-03-20,104.05
2015-03-21,103
2015-03-22,100.75
2015-03-23,106.4
2015-03-24,103.75
2015-03-25,100.7
2015-03-26,96.1
2015-03-27,91.2
2015-03-28,88.6
2015-03-29,86.2
2015-03-30,83.8
2015-03-31,82.3
2015-04-01,80.1
2015-04-02,79.6
2015-04-03,77.9
2015-04-04,74.65
2015-04-05,73.3
2015-04-06,73.6
2015-04-07,100.3
2015-04-08,114.5
2015-04-09,104.9
2015-04-10,99.7
2015-04-11,94.1
2015-04-12,86.75
2015-04-13,81.95
2015-04-14,79.9
2015-04-15,75.55
2015-04-16,71.55
2015-04-17,66.7
2015-04-18,59.5
2015-04-19,54.9
2015-04-20,51.5
2015-04-21,48.5
2015-04-22,45.95
2015-04-23,44
2015-04-24,44.25
2015-04-25,56.65
2015-04-26,52.4
2015-04-27,45.4
2015-04-28,38.4
